request_id,subject,path,action
1,svc-beta-19,/teams/epsilon/unit-44/file-8,read
2,svc-gamma-12,/teams/delta/unit-102/child/deep,read
3,svc-alpha-19,/teams/alpha/unit-101/file-5,read
4,svc-delta-7,/teams/epsilon/unit-65/file-7,write
5,svc-gamma-3,/teams/delta/unit-6/child/deep,read
6,svc-gamma-15,/teams/gamma/unit-102/child/deep,write
7,svc-beta-0,/teams/beta/unit-11/file-1,list
8,svc-beta-15,/teams/gamma/unit-61/file-1,write
9,svc-delta-10,/teams/alpha/unit-52/file-3,list
10,svc-beta-11,/teams/delta/unit-80/file-8,write
11,svc-delta-4,/teams/gamma/unit-3/file-6,list
12,svc-epsilon-0,/teams/gamma/unit-159/file-6,list
13,svc-epsilon-5,/teams/gamma/unit-49/file-3,read
14,svc-alpha-18,/teams/alpha/unit-72/child/deep,list
15,svc-alpha-14,/teams/gamma/unit-15/file-3,write
16,svc-alpha-11,/teams/alpha/unit-118/file-7,write
17,svc-beta-4,/teams/gamma/unit-22/file-2,write
18,svc-alpha-3,/teams/epsilon/unit-47/file-6,write
19,svc-gamma-19,/teams/gamma/unit-2/file-1,write
20,svc-beta-5,/teams/gamma/unit-189/file-7,write
21,svc-gamma-7,/teams/delta/unit-4/file-5,read
22,svc-delta-19,/teams/delta/unit-41/file-0,write
23,svc-beta-15,/teams/delta/unit-70/file-6,list
24,svc-beta-7,/teams/beta/unit-26/file-7,read
25,svc-beta-5,/teams/gamma/unit-42/child/deep,list
26,svc-beta-14,/teams/gamma/unit-129/file-7,read
27,svc-gamma-16,/teams/gamma/unit-126/child/deep,list
28,svc-delta-15,/teams/delta/unit-121/file-8,write
29,svc-alpha-17,/teams/epsilon/unit-61/file-5,write
30,svc-beta-14,/teams/delta/unit-132/child/deep,write
31,svc-delta-9,/teams/epsilon/unit-170/file-4,write
32,svc-beta-18,/teams/alpha/unit-34/file-4,write
33,svc-delta-9,/teams/beta/unit-143/file-1,read
34,svc-epsilon-4,/teams/gamma/unit-118/file-5,write
35,svc-alpha-1,/teams/gamma/unit-11/file-5,write
36,svc-epsilon-13,/teams/epsilon/unit-117/file-4,read
37,svc-alpha-2,/teams/alpha/unit-84/child/deep,list
38,svc-epsilon-11,/teams/delta/unit-123/file-2,write
39,svc-epsilon-9,/teams/alpha/unit-77/file-5,read
40,svc-alpha-6,/teams/delta/unit-25/file-2,write
41,svc-beta-1,/teams/beta/unit-39/file-3,read
42,svc-delta-13,/teams/epsilon/unit-103/file-7,read
43,svc-alpha-19,/teams/delta/unit-25/file-5,write
44,svc-epsilon-16,/teams/epsilon/unit-169/file-2,write
45,svc-epsilon-17,/teams/epsilon/unit-135/file-1,write
46,svc-alpha-19,/teams/alpha/unit-19/file-8,read
47,svc-alpha-8,/teams/alpha/unit-122/file-7,list
48,svc-delta-6,/teams/gamma/unit-8/file-8,list
49,svc-delta-10,/teams/epsilon/unit-1/file-1,write
50,svc-beta-17,/teams/epsilon/unit-104/file-4,list
51,svc-beta-11,/teams/gamma/unit-112/file-5,write
52,svc-alpha-5,/teams/delta/unit-1/file-7,write
53,svc-gamma-6,/teams/delta/unit-11/file-0,read
54,svc-alpha-17,/teams/delta/unit-157/file-7,read
55,svc-alpha-14,/teams/alpha/unit-44/file-3,write
56,svc-gamma-17,/teams/beta/unit-190/file-4,write
57,svc-beta-1,/teams/beta/unit-84/child/deep,read
58,svc-gamma-1,/teams/alpha/unit-119/file-1,read
59,svc-alpha-6,/teams/gamma/unit-20/file-5,write
60,svc-gamma-3,/teams/epsilon/unit-95/file-7,write
61,svc-beta-5,/teams/epsilon/unit-77/file-8,read
62,svc-epsilon-2,/teams/beta/unit-172/file-2,list
63,svc-beta-8,/teams/beta/unit-12/child/deep,write
64,svc-delta-5,/teams/delta/unit-46/file-7,read
65,svc-epsilon-3,/teams/gamma/unit-51/file-1,write
66,svc-alpha-17,/teams/delta/unit-157/file-7,write
67,svc-beta-18,/teams/beta/unit-159/file-2,read
68,svc-epsilon-18,/teams/delta/unit-50/file-2,write
69,svc-beta-19,/teams/beta/unit-76/file-4,read
70,svc-delta-9,/teams/delta/unit-147/file-4,read
71,svc-delta-5,/teams/beta/unit-49/file-4,list
72,svc-beta-19,/teams/beta/unit-101/file-0,write
73,svc-alpha-12,/teams/beta/unit-125/file-2,list
74,svc-gamma-4,/teams/epsilon/unit-93/file-0,list
75,svc-gamma-19,/teams/beta/unit-118/file-6,read
76,svc-beta-0,/teams/alpha/unit-65/file-5,list
77,svc-alpha-5,/teams/beta/unit-37/file-3,write
78,svc-gamma-9,/teams/alpha/unit-194/file-5,write
79,svc-delta-12,/teams/epsilon/unit-22/file-1,list
80,svc-gamma-19,/teams/epsilon/unit-189/file-2,write
81,svc-epsilon-6,/teams/alpha/unit-80/file-7,read
82,svc-epsilon-12,/teams/epsilon/unit-128/file-3,list
83,svc-beta-3,/teams/delta/unit-165/file-7,read
84,svc-delta-1,/teams/epsilon/unit-149/file-2,list
85,svc-beta-11,/teams/alpha/unit-90/child/deep,read
86,svc-epsilon-19,/teams/gamma/unit-126/child/deep,list
87,svc-delta-1,/teams/alpha/unit-63/file-6,write
88,svc-delta-19,/teams/delta/unit-26/file-0,read
89,svc-gamma-4,/teams/epsilon/unit-165/file-3,write
90,svc-alpha-3,/teams/alpha/unit-46/file-6,write
91,svc-delta-19,/teams/delta/unit-138/child/deep,write
92,svc-delta-12,/teams/alpha/unit-179/file-2,read
93,svc-beta-5,/teams/epsilon/unit-83/file-1,list
94,svc-beta-9,/teams/beta/unit-167/file-2,write
95,svc-beta-9,/teams/epsilon/unit-51/file-4,list
96,svc-epsilon-0,/teams/epsilon/unit-131/file-7,list
97,svc-beta-7,/teams/gamma/unit-51/file-2,list
98,svc-delta-19,/teams/delta/unit-182/file-4,list
99,svc-alpha-4,/teams/beta/unit-85/file-6,list
100,svc-delta-19,/teams/delta/unit-173/file-4,write
101,svc-epsilon-1,/teams/beta/unit-189/file-7,list
102,svc-beta-1,/teams/gamma/unit-92/file-2,read
103,svc-delta-13,/teams/epsilon/unit-67/file-7,list
104,svc-delta-19,/teams/beta/unit-78/child/deep,list
105,svc-delta-10,/teams/gamma/unit-198/child/deep,read
106,svc-epsilon-19,/teams/epsilon/unit-197/file-1,write
107,svc-alpha-19,/teams/delta/unit-75/file-8,write
108,svc-gamma-17,/teams/delta/unit-14/file-1,read
109,svc-gamma-10,/teams/delta/unit-113/file-3,write
110,svc-epsilon-12,/teams/beta/unit-141/file-5,list
111,svc-delta-19,/teams/delta/unit-55/file-4,write
112,svc-beta-12,/teams/gamma/unit-11/file-3,list
113,svc-epsilon-16,/teams/delta/unit-31/file-8,list
114,svc-alpha-12,/teams/delta/unit-13/file-4,list
115,svc-delta-3,/teams/delta/unit-102/child/deep,write
116,svc-delta-7,/teams/gamma/unit-34/file-4,write
117,svc-gamma-10,/teams/delta/unit-136/file-1,read
118,svc-alpha-13,/teams/epsilon/unit-86/file-8,read
119,svc-alpha-4,/teams/delta/unit-62/file-7,write
120,svc-alpha-0,/teams/gamma/unit-8/file-1,list
121,svc-beta-14,/teams/delta/unit-164/file-1,list
122,svc-alpha-16,/teams/epsilon/unit-126/child/deep,write
123,svc-delta-19,/teams/delta/unit-163/file-2,write
124,svc-epsilon-1,/teams/alpha/unit-17/file-8,list
125,svc-beta-15,/teams/gamma/unit-11/file-7,list
126,svc-epsilon-13,/teams/alpha/unit-90/child/deep,list
127,svc-gamma-13,/teams/beta/unit-22/file-6,write
128,svc-delta-19,/teams/delta/unit-1/file-6,write
129,svc-beta-8,/teams/gamma/unit-121/file-2,write
130,svc-alpha-6,/teams/alpha/unit-170/file-6,list
131,svc-epsilon-18,/teams/delta/unit-8/file-0,write
132,svc-alpha-16,/teams/gamma/unit-73/file-4,write
133,svc-beta-15,/teams/gamma/unit-198/child/deep,write
134,svc-delta-19,/teams/delta/unit-8/file-1,write
135,svc-epsilon-15,/teams/delta/unit-67/file-6,write
136,svc-beta-18,/teams/epsilon/unit-35/file-7,read
137,svc-epsilon-10,/teams/gamma/unit-78/child/deep,list
138,svc-gamma-9,/teams/gamma/unit-45/file-5,write
139,svc-beta-19,/teams/alpha/unit-84/child/deep,read
140,svc-alpha-19,/teams/alpha/unit-90/child/deep,read
141,svc-alpha-16,/teams/delta/unit-135/file-0,write
142,svc-gamma-15,/teams/epsilon/unit-135/file-5,read
143,svc-alpha-2,/teams/delta/unit-82/file-1,list
144,svc-beta-6,/teams/epsilon/unit-107/file-1,read
145,svc-alpha-1,/teams/epsilon/unit-44/file-8,list
146,svc-beta-15,/teams/delta/unit-36/child/deep,write
147,svc-delta-12,/teams/gamma/unit-76/file-3,list
148,svc-gamma-3,/teams/alpha/unit-97/file-8,list
149,svc-delta-8,/teams/gamma/unit-197/file-6,write
150,svc-epsilon-4,/teams/gamma/unit-8/file-0,read
151,svc-beta-13,/teams/gamma/unit-84/child/deep,read
152,svc-gamma-2,/teams/beta/unit-69/file-4,list
153,svc-beta-17,/teams/alpha/unit-40/file-1,read
154,svc-beta-13,/teams/delta/unit-18/child/deep,list
155,svc-beta-6,/teams/delta/unit-35/file-8,read
156,svc-alpha-14,/teams/delta/unit-146/file-3,write
157,svc-alpha-19,/teams/alpha/unit-119/file-5,list
158,svc-epsilon-1,/teams/epsilon/unit-163/file-0,read
159,svc-alpha-13,/teams/alpha/unit-172/file-8,write
160,svc-beta-18,/teams/beta/unit-29/file-4,list
161,svc-gamma-14,/teams/epsilon/unit-63/file-6,read
162,svc-alpha-19,/teams/alpha/unit-28/file-7,write
163,svc-gamma-19,/teams/gamma/unit-161/file-6,write
164,svc-gamma-7,/teams/gamma/unit-144/child/deep,list
165,svc-alpha-16,/teams/alpha/unit-197/file-0,read
166,svc-beta-18,/teams/delta/unit-187/file-3,write
167,svc-alpha-19,/teams/gamma/unit-5/file-7,write
168,svc-alpha-6,/teams/alpha/unit-142/file-0,list
169,svc-gamma-19,/teams/gamma/unit-183/file-2,list
170,svc-beta-14,/teams/delta/unit-38/file-4,write
171,svc-epsilon-5,/teams/delta/unit-81/file-5,write
172,svc-epsilon-19,/teams/gamma/unit-135/file-0,write
173,svc-alpha-0,/teams/delta/unit-111/file-1,list
174,svc-delta-7,/teams/gamma/unit-10/file-7,write
175,svc-delta-5,/teams/gamma/unit-7/file-2,list
176,svc-alpha-19,/teams/alpha/unit-94/file-4,read
177,svc-alpha-19,/teams/alpha/unit-55/file-4,write
178,svc-alpha-16,/teams/delta/unit-80/file-1,list
179,svc-epsilon-9,/teams/alpha/unit-177/file-5,list
180,svc-alpha-13,/teams/gamma/unit-88/file-4,write
181,svc-gamma-6,/teams/delta/unit-146/file-7,list
182,svc-delta-10,/teams/alpha/unit-164/file-3,read
183,svc-beta-13,/teams/delta/unit-135/file-7,read
184,svc-gamma-16,/teams/delta/unit-117/file-6,list
185,svc-beta-15,/teams/epsilon/unit-80/file-2,read
186,svc-gamma-15,/teams/gamma/unit-158/file-8,read
187,svc-gamma-8,/teams/gamma/unit-120/child/deep,write
188,svc-beta-10,/teams/beta/unit-190/file-6,read
189,svc-gamma-14,/teams/alpha/unit-99/file-8,write
190,svc-beta-8,/teams/epsilon/unit-18/child/deep,read
191,svc-gamma-16,/teams/epsilon/unit-91/file-7,write
192,svc-beta-19,/teams/beta/unit-143/file-8,write
193,svc-epsilon-0,/teams/delta/unit-21/file-3,write
194,svc-delta-17,/teams/beta/unit-31/file-4,read
195,svc-alpha-11,/teams/alpha/unit-18/child/deep,list
196,svc-gamma-16,/teams/delta/unit-97/file-6,list
197,svc-gamma-16,/teams/alpha/unit-154/file-0,list
198,svc-beta-19,/teams/beta/unit-134/file-0,list
199,svc-epsilon-14,/teams/gamma/unit-43/file-3,write
200,svc-delta-18,/teams/beta/unit-76/file-4,read
201,svc-epsilon-10,/teams/alpha/unit-153/file-3,list
202,svc-beta-19,/teams/beta/unit-133/file-1,list
203,svc-gamma-19,/teams/gamma/unit-169/file-3,read
204,svc-alpha-18,/teams/gamma/unit-161/file-8,list
205,svc-beta-19,/teams/beta/unit-18/child/deep,list
206,svc-alpha-17,/teams/epsilon/unit-23/file-6,write
207,svc-gamma-11,/teams/epsilon/unit-162/child/deep,write
208,svc-beta-15,/teams/gamma/unit-113/file-2,write
209,svc-beta-16,/teams/alpha/unit-116/file-7,write
210,svc-delta-15,/teams/beta/unit-113/file-4,read
211,svc-epsilon-14,/teams/epsilon/unit-7/file-8,list
212,svc-delta-19,/teams/delta/unit-176/file-3,write
213,svc-beta-7,/teams/epsilon/unit-191/file-4,read
214,svc-delta-5,/teams/beta/unit-99/file-1,read
215,svc-alpha-16,/teams/delta/unit-40/file-7,list
216,svc-delta-10,/teams/epsilon/unit-28/file-5,write
217,svc-delta-12,/teams/epsilon/unit-197/file-0,write
218,svc-alpha-0,/teams/delta/unit-148/file-4,write
219,svc-gamma-11,/teams/delta/unit-113/file-2,write
220,svc-delta-19,/teams/delta/unit-30/child/deep,list
221,svc-beta-1,/teams/alpha/unit-142/file-8,read
222,svc-gamma-8,/teams/delta/unit-195/file-6,read
223,svc-delta-8,/teams/delta/unit-96/child/deep,list
224,svc-beta-15,/teams/beta/unit-85/file-0,list
225,svc-gamma-4,/teams/epsilon/unit-22/file-3,write
226,svc-beta-15,/teams/alpha/unit-163/file-5,list
227,svc-epsilon-5,/teams/epsilon/unit-93/file-3,read
228,svc-gamma-19,/teams/epsilon/unit-4/file-1,list
229,svc-delta-10,/teams/gamma/unit-184/file-5,write
230,svc-alpha-12,/teams/epsilon/unit-141/file-3,read
231,svc-alpha-13,/teams/beta/unit-54/child/deep,write
232,svc-epsilon-15,/teams/beta/unit-174/child/deep,read
233,svc-beta-0,/teams/epsilon/unit-60/child/deep,write
234,svc-delta-4,/teams/beta/unit-174/child/deep,write
235,svc-gamma-19,/teams/gamma/unit-108/child/deep,write
236,svc-epsilon-4,/teams/epsilon/unit-45/file-5,write
237,svc-alpha-5,/teams/beta/unit-17/file-0,write
238,svc-epsilon-6,/teams/delta/unit-100/file-8,read
239,svc-beta-0,/teams/beta/unit-82/file-4,list
240,svc-beta-5,/teams/beta/unit-71/file-2,read
241,svc-epsilon-17,/teams/beta/unit-8/file-1,list
242,svc-delta-11,/teams/delta/unit-85/file-0,list
243,svc-delta-0,/teams/delta/unit-12/child/deep,read
244,svc-beta-11,/teams/delta/unit-73/file-4,write
245,svc-beta-19,/teams/beta/unit-113/file-2,read
246,svc-epsilon-0,/teams/gamma/unit-91/file-0,read
247,svc-alpha-8,/teams/beta/unit-190/file-3,read
248,svc-delta-12,/teams/alpha/unit-73/file-2,list
249,svc-alpha-0,/teams/epsilon/unit-16/file-1,write
250,svc-gamma-18,/teams/gamma/unit-26/file-6,write
251,svc-gamma-2,/teams/epsilon/unit-81/file-2,write
252,svc-epsilon-13,/teams/epsilon/unit-179/file-3,read
253,svc-delta-12,/teams/delta/unit-110/file-5,write
254,svc-alpha-9,/teams/gamma/unit-86/file-5,write
255,svc-epsilon-17,/teams/delta/unit-134/file-2,list
256,svc-epsilon-15,/teams/gamma/unit-128/file-4,write
257,svc-epsilon-10,/teams/delta/unit-167/file-8,write
258,svc-alpha-11,/teams/epsilon/unit-195/file-8,write
259,svc-alpha-12,/teams/delta/unit-81/file-3,list
260,svc-gamma-14,/teams/beta/unit-141/file-2,write
261,svc-alpha-10,/teams/gamma/unit-103/file-4,list
262,svc-alpha-1,/teams/gamma/unit-67/file-6,list
263,svc-alpha-8,/teams/alpha/unit-107/file-7,read
264,svc-alpha-3,/teams/epsilon/unit-107/file-6,list
265,svc-beta-11,/teams/delta/unit-97/file-6,read
266,svc-delta-19,/teams/gamma/unit-79/file-6,write
267,svc-alpha-18,/teams/beta/unit-53/file-2,list
268,svc-epsilon-15,/teams/beta/unit-57/file-8,list
269,svc-alpha-4,/teams/epsilon/unit-49/file-6,write
270,svc-delta-7,/teams/delta/unit-86/file-0,list
271,svc-delta-5,/teams/beta/unit-82/file-5,read
272,svc-delta-6,/teams/beta/unit-10/file-6,read
273,svc-beta-1,/teams/epsilon/unit-133/file-4,list
274,svc-gamma-0,/teams/delta/unit-0/child/deep,read
275,svc-alpha-16,/teams/epsilon/unit-170/file-6,list
276,svc-delta-8,/teams/gamma/unit-10/file-8,list
277,svc-alpha-3,/teams/delta/unit-33/file-6,write
278,svc-epsilon-2,/teams/epsilon/unit-92/file-5,read
279,svc-alpha-13,/teams/alpha/unit-152/file-2,write
280,svc-alpha-3,/teams/beta/unit-108/child/deep,read
281,svc-epsilon-8,/teams/delta/unit-27/file-8,write
282,svc-alpha-19,/teams/alpha/unit-117/file-7,list
283,svc-delta-16,/teams/delta/unit-152/file-5,list
284,svc-delta-7,/teams/beta/unit-185/file-0,read
285,svc-epsilon-15,/teams/gamma/unit-192/child/deep,write
286,svc-beta-9,/teams/gamma/unit-108/child/deep,read
287,svc-gamma-19,/teams/gamma/unit-70/file-7,list
288,svc-gamma-13,/teams/epsilon/unit-29/file-5,read
289,svc-epsilon-14,/teams/beta/unit-12/child/deep,read
290,svc-delta-7,/teams/alpha/unit-94/file-1,list
291,svc-beta-18,/teams/gamma/unit-108/child/deep,list
292,svc-delta-19,/teams/delta/unit-109/file-3,read
293,svc-beta-17,/teams/gamma/unit-30/child/deep,list
294,svc-epsilon-10,/teams/gamma/unit-131/file-5,write
295,svc-gamma-10,/teams/epsilon/unit-186/child/deep,read
296,svc-beta-1,/teams/delta/unit-21/file-8,write
297,svc-epsilon-11,/teams/epsilon/unit-133/file-3,list
298,svc-epsilon-5,/teams/delta/unit-78/child/deep,list
299,svc-delta-17,/teams/beta/unit-40/file-7,list
300,svc-beta-19,/teams/epsilon/unit-126/child/deep,write
301,svc-epsilon-4,/teams/epsilon/unit-166/file-5,read
302,svc-beta-15,/teams/alpha/unit-52/file-6,list
303,svc-gamma-12,/teams/epsilon/unit-87/file-4,list
304,svc-epsilon-1,/teams/delta/unit-48/child/deep,write
305,svc-gamma-11,/teams/beta/unit-65/file-8,write
306,svc-gamma-4,/teams/beta/unit-174/child/deep,write
307,svc-alpha-17,/teams/gamma/unit-157/file-3,list
308,svc-alpha-16,/teams/alpha/unit-19/file-0,read
309,svc-alpha-7,/teams/gamma/unit-178/file-8,write
310,svc-beta-11,/teams/delta/unit-167/file-3,write
311,svc-alpha-7,/teams/beta/unit-125/file-1,write
312,svc-gamma-9,/teams/gamma/unit-128/file-5,list
313,svc-beta-1,/teams/beta/unit-165/file-2,read
314,svc-gamma-18,/teams/beta/unit-49/file-2,list
315,svc-alpha-1,/teams/gamma/unit-116/file-4,write
316,svc-gamma-18,/teams/alpha/unit-82/file-3,read
317,svc-beta-12,/teams/gamma/unit-28/file-1,write
318,svc-gamma-10,/teams/gamma/unit-179/file-6,write
319,svc-delta-10,/teams/beta/unit-3/file-0,read
320,svc-alpha-0,/teams/alpha/unit-101/file-0,write
321,svc-alpha-3,/teams/beta/unit-59/file-0,write
322,svc-alpha-18,/teams/gamma/unit-64/file-5,read
323,svc-beta-3,/teams/gamma/unit-3/file-4,list
324,svc-gamma-0,/teams/epsilon/unit-104/file-3,read
325,svc-alpha-2,/teams/alpha/unit-97/file-6,list
326,svc-delta-0,/teams/gamma/unit-135/file-8,read
327,svc-alpha-18,/teams/alpha/unit-26/file-5,list
328,svc-epsilon-16,/teams/gamma/unit-57/file-7,read
329,svc-beta-19,/teams/beta/unit-67/file-3,read
330,svc-delta-9,/teams/alpha/unit-138/child/deep,write
331,svc-gamma-2,/teams/gamma/unit-178/file-8,write
332,svc-delta-11,/teams/epsilon/unit-154/file-2,list
333,svc-beta-16,/teams/gamma/unit-132/child/deep,list
334,svc-alpha-13,/teams/delta/unit-146/file-1,write
335,svc-alpha-10,/teams/gamma/unit-185/file-0,write
336,svc-epsilon-19,/teams/epsilon/unit-72/child/deep,write
337,svc-delta-5,/teams/gamma/unit-112/file-0,list
338,svc-gamma-13,/teams/delta/unit-169/file-7,read
339,svc-gamma-7,/teams/delta/unit-33/file-8,read
340,svc-gamma-5,/teams/alpha/unit-12/child/deep,list
341,svc-gamma-2,/teams/epsilon/unit-70/file-5,write
342,svc-epsilon-10,/teams/delta/unit-63/file-8,write
343,svc-epsilon-8,/teams/beta/unit-158/file-8,write
344,svc-alpha-10,/teams/gamma/unit-155/file-6,read
345,svc-alpha-5,/teams/delta/unit-58/file-8,read
346,svc-gamma-1,/teams/gamma/unit-44/file-7,read
347,svc-epsilon-15,/teams/epsilon/unit-5/file-0,write
348,svc-epsilon-1,/teams/gamma/unit-117/file-4,list
349,svc-delta-12,/teams/delta/unit-86/file-3,write
350,svc-delta-17,/teams/beta/unit-137/file-0,read
351,svc-epsilon-12,/teams/alpha/unit-10/file-8,list
352,svc-beta-18,/teams/epsilon/unit-191/file-1,write
353,svc-alpha-13,/teams/epsilon/unit-93/file-0,write
354,svc-delta-15,/teams/alpha/unit-166/file-5,read
355,svc-epsilon-1,/teams/gamma/unit-117/file-3,list
356,svc-alpha-2,/teams/alpha/unit-137/file-0,read
357,svc-gamma-19,/teams/epsilon/unit-53/file-6,read
358,svc-epsilon-2,/teams/alpha/unit-130/file-3,read
359,svc-alpha-11,/teams/epsilon/unit-172/file-8,write
360,svc-gamma-15,/teams/alpha/unit-129/file-4,list
361,svc-delta-18,/teams/delta/unit-48/child/deep,read
362,svc-alpha-4,/teams/beta/unit-103/file-1,list
363,svc-epsilon-3,/teams/epsilon/unit-183/file-1,list
364,svc-alpha-4,/teams/delta/unit-196/file-7,read
365,svc-gamma-8,/teams/delta/unit-170/file-4,list
366,svc-alpha-19,/teams/alpha/unit-11/file-6,write
367,svc-delta-19,/teams/delta/unit-18/child/deep,list
368,svc-gamma-15,/teams/beta/unit-48/child/deep,read
369,svc-alpha-4,/teams/delta/unit-79/file-1,write
370,svc-epsilon-2,/teams/alpha/unit-2/file-3,write
371,svc-epsilon-9,/teams/beta/unit-106/file-7,read
372,svc-alpha-19,/teams/alpha/unit-89/file-4,read
373,svc-delta-5,/teams/epsilon/unit-70/file-3,list
374,svc-alpha-7,/teams/gamma/unit-15/file-6,read
375,svc-epsilon-3,/teams/gamma/unit-121/file-1,read
376,svc-beta-2,/teams/epsilon/unit-138/child/deep,write
377,svc-delta-8,/teams/gamma/unit-53/file-6,write
378,svc-beta-7,/teams/gamma/unit-19/file-7,write
379,svc-alpha-4,/teams/delta/unit-25/file-6,read
380,svc-alpha-19,/teams/alpha/unit-125/file-7,read
381,svc-gamma-19,/teams/gamma/unit-181/file-3,write
382,svc-alpha-10,/teams/beta/unit-122/file-4,list
383,svc-beta-5,/teams/beta/unit-52/file-3,read
384,svc-beta-16,/teams/epsilon/unit-82/file-3,write
385,svc-epsilon-13,/teams/delta/unit-96/child/deep,list
386,svc-epsilon-16,/teams/beta/unit-16/file-7,write
387,svc-alpha-0,/teams/beta/unit-62/file-0,write
388,svc-delta-2,/teams/delta/unit-99/file-8,read
389,svc-gamma-5,/teams/beta/unit-134/file-5,list
390,svc-alpha-15,/teams/epsilon/unit-188/file-4,read
391,svc-epsilon-5,/teams/alpha/unit-184/file-5,write
392,svc-gamma-12,/teams/gamma/unit-50/file-1,list
393,svc-gamma-3,/teams/epsilon/unit-104/file-8,list
394,svc-epsilon-2,/teams/alpha/unit-79/file-6,write
395,svc-beta-0,/teams/gamma/unit-142/file-4,list
396,svc-gamma-8,/teams/alpha/unit-66/child/deep,read
397,svc-alpha-3,/teams/beta/unit-117/file-6,write
398,svc-beta-19,/teams/alpha/unit-153/file-4,write
399,svc-alpha-15,/teams/delta/unit-145/file-2,read
400,svc-gamma-14,/teams/delta/unit-135/file-8,list
401,svc-delta-10,/teams/alpha/unit-158/file-3,list
402,svc-gamma-18,/teams/alpha/unit-146/file-3,read
403,svc-epsilon-19,/teams/delta/unit-196/file-8,read
404,svc-epsilon-18,/teams/epsilon/unit-68/file-8,read
405,svc-beta-14,/teams/beta/unit-39/file-5,write
406,svc-beta-6,/teams/beta/unit-166/file-4,read
407,svc-gamma-9,/teams/alpha/unit-41/file-4,read
408,svc-epsilon-16,/teams/epsilon/unit-139/file-5,write
409,svc-gamma-18,/teams/epsilon/unit-57/file-2,write
410,svc-beta-18,/teams/delta/unit-143/file-4,write
411,svc-delta-1,/teams/beta/unit-149/file-4,list
412,svc-gamma-5,/teams/alpha/unit-49/file-0,read
413,svc-epsilon-10,/teams/alpha/unit-1/file-3,list
414,svc-delta-8,/teams/beta/unit-80/file-3,list
415,svc-delta-9,/teams/epsilon/unit-44/file-5,write
416,svc-alpha-19,/teams/alpha/unit-166/file-3,list
417,svc-gamma-17,/teams/delta/unit-32/file-6,read
418,svc-delta-1,/teams/delta/unit-114/child/deep,read
419,svc-alpha-19,/teams/alpha/unit-198/child/deep,read
420,svc-beta-3,/teams/beta/unit-8/file-2,write
421,svc-delta-10,/teams/gamma/unit-6/child/deep,list
422,svc-epsilon-2,/teams/delta/unit-147/file-0,list
423,svc-beta-17,/teams/delta/unit-75/file-6,read
424,svc-beta-15,/teams/epsilon/unit-25/file-3,read
425,svc-gamma-12,/teams/beta/unit-118/file-8,write
426,svc-epsilon-8,/teams/delta/unit-17/file-5,list
427,svc-gamma-19,/teams/gamma/unit-86/file-4,write
428,svc-epsilon-10,/teams/delta/unit-149/file-5,read
429,svc-delta-18,/teams/delta/unit-112/file-6,list
430,svc-beta-19,/teams/beta/unit-198/child/deep,write
431,svc-gamma-19,/teams/gamma/unit-11/file-4,write
432,svc-gamma-5,/teams/beta/unit-85/file-4,list
433,svc-gamma-0,/teams/alpha/unit-39/file-5,list
434,svc-alpha-18,/teams/alpha/unit-122/file-0,write
435,svc-delta-8,/teams/epsilon/unit-6/child/deep,write
436,svc-alpha-19,/teams/alpha/unit-156/child/deep,write
437,svc-delta-15,/teams/delta/unit-80/file-2,write
438,svc-alpha-7,/teams/delta/unit-16/file-1,write
439,svc-delta-10,/teams/delta/unit-70/file-0,list
440,svc-beta-7,/teams/alpha/unit-53/file-8,read
441,svc-delta-8,/teams/gamma/unit-168/child/deep,read
442,svc-epsilon-1,/teams/delta/unit-72/child/deep,read
443,svc-beta-5,/teams/epsilon/unit-35/file-1,write
444,svc-delta-5,/teams/gamma/unit-64/file-0,list
445,svc-alpha-7,/teams/delta/unit-149/file-0,write
446,svc-beta-13,/teams/beta/unit-108/child/deep,read
447,svc-delta-17,/teams/gamma/unit-196/file-4,write
448,svc-alpha-3,/teams/delta/unit-156/child/deep,write
449,svc-alpha-5,/teams/epsilon/unit-109/file-2,read
450,svc-beta-3,/teams/gamma/unit-62/file-4,list
451,svc-gamma-16,/teams/epsilon/unit-8/file-2,write
452,svc-alpha-16,/teams/beta/unit-117/file-0,list
453,svc-epsilon-19,/teams/epsilon/unit-135/file-8,read
454,svc-gamma-17,/teams/delta/unit-148/file-7,list
455,svc-gamma-4,/teams/gamma/unit-100/file-2,read
456,svc-alpha-18,/teams/delta/unit-160/file-2,read
457,svc-gamma-2,/teams/alpha/unit-22/file-7,write
458,svc-epsilon-5,/teams/gamma/unit-47/file-3,read
459,svc-delta-19,/teams/delta/unit-86/file-6,list
460,svc-alpha-15,/teams/beta/unit-9/file-2,read
461,svc-epsilon-3,/teams/epsilon/unit-116/file-3,read
462,svc-delta-9,/teams/gamma/unit-84/child/deep,write
463,svc-gamma-16,/teams/alpha/unit-116/file-7,read
464,svc-beta-12,/teams/epsilon/unit-69/file-6,write
465,svc-beta-15,/teams/epsilon/unit-183/file-4,list
466,svc-alpha-10,/teams/epsilon/unit-40/file-6,write
467,svc-delta-1,/teams/delta/unit-128/file-1,read
468,svc-gamma-18,/teams/beta/unit-41/file-0,read
469,svc-epsilon-16,/teams/alpha/unit-44/file-0,list
470,svc-alpha-8,/teams/epsilon/unit-182/file-3,list
471,svc-gamma-18,/teams/epsilon/unit-41/file-1,write
472,svc-delta-9,/teams/delta/unit-47/file-7,list
473,svc-alpha-14,/teams/beta/unit-1/file-2,list
474,svc-beta-0,/teams/alpha/unit-184/file-2,list
475,svc-epsilon-10,/teams/epsilon/unit-171/file-2,list
476,svc-alpha-5,/teams/beta/unit-31/file-3,list
477,svc-gamma-7,/teams/beta/unit-79/file-4,write
478,svc-epsilon-7,/teams/alpha/unit-73/file-4,write
479,svc-alpha-12,/teams/epsilon/unit-32/file-3,list
480,svc-gamma-14,/teams/gamma/unit-188/file-2,read
481,svc-alpha-16,/teams/beta/unit-7/file-2,read
482,svc-alpha-9,/teams/delta/unit-6/child/deep,read
483,svc-delta-6,/teams/gamma/unit-129/file-5,write
484,svc-gamma-8,/teams/beta/unit-65/file-3,read
485,svc-beta-3,/teams/alpha/unit-145/file-4,write
486,svc-beta-4,/teams/delta/unit-127/file-8,write
487,svc-beta-0,/teams/delta/unit-178/file-3,list
488,svc-gamma-2,/teams/beta/unit-177/file-8,read
489,svc-beta-19,/teams/beta/unit-154/file-1,write
490,svc-gamma-19,/teams/gamma/unit-62/file-0,list
491,svc-epsilon-12,/teams/delta/unit-162/child/deep,list
492,svc-gamma-1,/teams/delta/unit-133/file-1,write
493,svc-alpha-19,/teams/alpha/unit-85/file-6,list
494,svc-beta-7,/teams/epsilon/unit-102/child/deep,list
495,svc-epsilon-19,/teams/epsilon/unit-118/file-3,read
496,svc-alpha-10,/teams/beta/unit-153/file-2,list
497,svc-epsilon-17,/teams/beta/unit-84/child/deep,list
498,svc-gamma-19,/teams/gamma/unit-152/file-7,list
499,svc-gamma-10,/teams/epsilon/unit-116/file-2,write
500,svc-alpha-3,/teams/alpha/unit-82/file-0,write
501,svc-beta-9,/teams/gamma/unit-152/file-6,read
502,svc-gamma-19,/teams/gamma/unit-177/file-8,read
503,svc-epsilon-19,/teams/epsilon/unit-162/child/deep,read
504,svc-epsilon-6,/teams/delta/unit-178/file-8,write
505,svc-beta-11,/teams/delta/unit-56/file-7,list
506,svc-epsilon-9,/teams/delta/unit-8/file-7,write
507,svc-gamma-19,/teams/gamma/unit-13/file-6,write
508,svc-epsilon-6,/teams/epsilon/unit-16/file-8,read
509,svc-delta-18,/teams/beta/unit-54/child/deep,list
510,svc-delta-19,/teams/delta/unit-16/file-3,write
511,svc-gamma-19,/teams/gamma/unit-53/file-1,read
512,svc-alpha-10,/teams/beta/unit-31/file-5,read
513,svc-epsilon-3,/teams/epsilon/unit-50/file-2,read
514,svc-gamma-1,/teams/beta/unit-8/file-3,read
515,svc-gamma-12,/teams/alpha/unit-73/file-6,list
516,svc-epsilon-9,/teams/beta/unit-197/file-8,list
517,svc-epsilon-0,/teams/epsilon/unit-169/file-4,write
518,svc-beta-18,/teams/gamma/unit-16/file-3,read
519,svc-beta-19,/teams/gamma/unit-102/child/deep,list
520,svc-alpha-8,/teams/epsilon/unit-173/file-1,read
521,svc-delta-15,/teams/epsilon/unit-165/file-0,list
522,svc-alpha-4,/teams/epsilon/unit-197/file-0,read
523,svc-delta-11,/teams/gamma/unit-142/file-6,write
524,svc-delta-16,/teams/gamma/unit-187/file-4,read
525,svc-alpha-10,/teams/delta/unit-104/file-7,write
526,svc-gamma-19,/teams/gamma/unit-130/file-1,list
527,svc-epsilon-11,/teams/alpha/unit-16/file-0,read
528,svc-epsilon-16,/teams/delta/unit-137/file-7,write
529,svc-delta-17,/teams/beta/unit-131/file-1,list
530,svc-epsilon-2,/teams/beta/unit-5/file-2,read
531,svc-gamma-19,/teams/gamma/unit-60/child/deep,read
532,svc-beta-12,/teams/beta/unit-146/file-8,list
533,svc-alpha-16,/teams/delta/unit-108/child/deep,read
534,svc-epsilon-12,/teams/beta/unit-52/file-3,write
535,svc-alpha-18,/teams/gamma/unit-43/file-2,write
536,svc-delta-6,/teams/epsilon/unit-164/file-3,read
537,svc-delta-14,/teams/gamma/unit-102/child/deep,read
538,svc-gamma-19,/teams/gamma/unit-114/child/deep,write
539,svc-gamma-10,/teams/gamma/unit-178/file-2,list
540,svc-delta-12,/teams/beta/unit-160/file-6,write
541,svc-delta-19,/teams/epsilon/unit-62/file-8,read
542,svc-beta-19,/teams/epsilon/unit-151/file-0,list
543,svc-alpha-19,/teams/beta/unit-16/file-7,list
544,svc-beta-12,/teams/beta/unit-164/file-2,write
545,svc-delta-15,/teams/alpha/unit-132/child/deep,write
546,svc-beta-13,/teams/beta/unit-198/child/deep,read
547,svc-alpha-12,/teams/alpha/unit-124/file-2,read
548,svc-beta-6,/teams/alpha/unit-31/file-5,write
549,svc-epsilon-17,/teams/alpha/unit-147/file-6,list
550,svc-epsilon-10,/teams/epsilon/unit-88/file-0,read
551,svc-delta-5,/teams/epsilon/unit-83/file-5,read
552,svc-alpha-12,/teams/delta/unit-163/file-4,read
553,svc-gamma-2,/teams/beta/unit-106/file-7,read
554,svc-gamma-3,/teams/alpha/unit-167/file-4,write
555,svc-gamma-4,/teams/alpha/unit-114/child/deep,write
556,svc-beta-10,/teams/gamma/unit-39/file-3,read
557,svc-beta-19,/teams/gamma/unit-12/child/deep,write
558,svc-beta-12,/teams/beta/unit-195/file-6,write
559,svc-beta-4,/teams/alpha/unit-88/file-2,write
560,svc-delta-1,/teams/gamma/unit-83/file-2,read
561,svc-beta-19,/teams/gamma/unit-139/file-7,read
562,svc-beta-1,/teams/beta/unit-117/file-7,write
563,svc-beta-1,/teams/epsilon/unit-37/file-4,list
564,svc-beta-4,/teams/epsilon/unit-127/file-8,write
565,svc-delta-5,/teams/delta/unit-55/file-8,list
566,svc-alpha-8,/teams/gamma/unit-179/file-1,read
567,svc-beta-3,/teams/gamma/unit-15/file-3,read
568,svc-gamma-15,/teams/beta/unit-177/file-0,read
569,svc-delta-1,/teams/gamma/unit-109/file-8,read
570,svc-delta-12,/teams/delta/unit-141/file-1,read
571,svc-epsilon-17,/teams/delta/unit-74/file-8,write
572,svc-beta-19,/teams/beta/unit-195/file-0,write
573,svc-gamma-0,/teams/gamma/unit-36/child/deep,list
574,svc-gamma-5,/teams/gamma/unit-23/file-8,list
575,svc-delta-2,/teams/delta/unit-0/child/deep,list
576,svc-delta-7,/teams/alpha/unit-177/file-5,read
577,svc-epsilon-13,/teams/beta/unit-184/file-7,write
578,svc-gamma-6,/teams/beta/unit-141/file-0,write
579,svc-beta-19,/teams/beta/unit-35/file-1,write
580,svc-gamma-0,/teams/alpha/unit-166/file-4,read
581,svc-epsilon-19,/teams/epsilon/unit-169/file-4,write
582,svc-epsilon-15,/teams/epsilon/unit-120/child/deep,write
583,svc-alpha-9,/teams/gamma/unit-78/child/deep,read
584,svc-beta-5,/teams/delta/unit-84/child/deep,list
585,svc-alpha-19,/teams/alpha/unit-55/file-0,read
586,svc-alpha-10,/teams/epsilon/unit-152/file-8,list
587,svc-gamma-0,/teams/gamma/unit-122/file-6,read
588,svc-epsilon-2,/teams/beta/unit-84/child/deep,list
589,svc-delta-1,/teams/delta/unit-78/child/deep,write
590,svc-delta-1,/teams/gamma/unit-127/file-7,list
591,svc-gamma-14,/teams/delta/unit-67/file-4,write
592,svc-alpha-8,/teams/delta/unit-172/file-7,write
593,svc-epsilon-11,/teams/beta/unit-103/file-4,list
594,svc-delta-15,/teams/gamma/unit-192/child/deep,write
595,svc-beta-0,/teams/gamma/unit-165/file-1,write
596,svc-beta-6,/teams/alpha/unit-46/file-8,write
597,svc-alpha-3,/teams/delta/unit-120/child/deep,write
598,svc-alpha-3,/teams/beta/unit-33/file-8,write
599,svc-beta-19,/teams/beta/unit-59/file-4,read
600,svc-epsilon-19,/teams/beta/unit-4/file-4,read
601,svc-epsilon-9,/teams/alpha/unit-52/file-7,write
602,svc-gamma-11,/teams/alpha/unit-184/file-1,write
603,svc-beta-3,/teams/epsilon/unit-90/child/deep,read
604,svc-delta-0,/teams/delta/unit-179/file-7,list
605,svc-alpha-19,/teams/gamma/unit-0/child/deep,list
606,svc-delta-11,/teams/alpha/unit-167/file-4,list
607,svc-gamma-16,/teams/alpha/unit-182/file-0,list
608,svc-delta-16,/teams/delta/unit-108/child/deep,list
609,svc-alpha-1,/teams/epsilon/unit-189/file-6,write
610,svc-beta-19,/teams/beta/unit-74/file-4,read
611,svc-alpha-11,/teams/epsilon/unit-41/file-7,read
612,svc-alpha-6,/teams/alpha/unit-38/file-3,read
613,svc-beta-12,/teams/gamma/unit-164/file-2,write
614,svc-delta-18,/teams/epsilon/unit-2/file-1,read
615,svc-gamma-7,/teams/delta/unit-53/file-5,read
616,svc-gamma-16,/teams/gamma/unit-39/file-1,list
617,svc-beta-0,/teams/epsilon/unit-28/file-5,write
618,svc-delta-3,/teams/gamma/unit-145/file-0,list
619,svc-delta-4,/teams/beta/unit-90/child/deep,write
620,svc-delta-7,/teams/delta/unit-0/child/deep,write
621,svc-alpha-17,/teams/alpha/unit-167/file-3,write
622,svc-beta-11,/teams/epsilon/unit-78/child/deep,list
623,svc-beta-3,/teams/alpha/unit-33/file-8,write
624,svc-alpha-2,/teams/gamma/unit-98/file-6,read
625,svc-gamma-8,/teams/epsilon/unit-125/file-3,read
626,svc-alpha-16,/teams/delta/unit-152/file-0,list
627,svc-delta-11,/teams/gamma/unit-7/file-2,write
628,svc-delta-9,/teams/delta/unit-4/file-0,write
629,svc-epsilon-19,/teams/epsilon/unit-15/file-1,list
630,svc-delta-19,/teams/delta/unit-6/child/deep,list
631,svc-alpha-9,/teams/alpha/unit-138/child/deep,write
632,svc-alpha-7,/teams/alpha/unit-189/file-5,write
633,svc-beta-5,/teams/delta/unit-59/file-6,read
634,svc-alpha-0,/teams/beta/unit-153/file-2,read
635,svc-delta-17,/teams/epsilon/unit-159/file-6,list
636,svc-delta-4,/teams/delta/unit-24/child/deep,write
637,svc-epsilon-6,/teams/alpha/unit-25/file-4,list
638,svc-delta-19,/teams/delta/unit-74/file-8,write
639,svc-delta-8,/teams/gamma/unit-89/file-2,list
640,svc-delta-10,/teams/delta/unit-184/file-4,read
641,svc-epsilon-5,/teams/epsilon/unit-64/file-8,write
642,svc-delta-19,/teams/delta/unit-133/file-4,read
643,svc-alpha-6,/teams/epsilon/unit-45/file-5,write
644,svc-beta-4,/teams/delta/unit-120/child/deep,write
645,svc-beta-11,/teams/alpha/unit-36/child/deep,write
646,svc-epsilon-15,/teams/epsilon/unit-48/child/deep,list
647,svc-alpha-11,/teams/epsilon/unit-133/file-4,list
648,svc-beta-19,/teams/beta/unit-151/file-0,list
649,svc-gamma-11,/teams/gamma/unit-80/file-7,write
650,svc-gamma-1,/teams/epsilon/unit-163/file-0,read
651,svc-alpha-18,/teams/beta/unit-146/file-1,list
652,svc-epsilon-5,/teams/gamma/unit-91/file-1,list
653,svc-beta-8,/teams/gamma/unit-118/file-1,list
654,svc-epsilon-8,/teams/epsilon/unit-23/file-0,write
655,svc-beta-8,/teams/alpha/unit-67/file-3,list
656,svc-beta-4,/teams/alpha/unit-113/file-6,read
657,svc-gamma-9,/teams/gamma/unit-34/file-3,write
658,svc-delta-5,/teams/delta/unit-130/file-5,list
659,svc-delta-2,/teams/alpha/unit-167/file-2,read
660,svc-delta-10,/teams/epsilon/unit-34/file-3,list
661,svc-gamma-14,/teams/alpha/unit-121/file-1,write
662,svc-alpha-4,/teams/alpha/unit-46/file-7,list
663,svc-alpha-11,/teams/delta/unit-88/file-3,list
664,svc-delta-11,/teams/epsilon/unit-113/file-4,read
665,svc-beta-6,/teams/alpha/unit-192/child/deep,read
666,svc-epsilon-10,/teams/epsilon/unit-47/file-5,write
667,svc-beta-7,/teams/beta/unit-35/file-5,write
668,svc-gamma-0,/teams/alpha/unit-12/child/deep,read
669,svc-delta-19,/teams/delta/unit-194/file-4,list
670,svc-delta-0,/teams/gamma/unit-199/file-8,read
671,svc-epsilon-5,/teams/alpha/unit-143/file-4,list
672,svc-epsilon-18,/teams/beta/unit-121/file-1,read
673,svc-delta-3,/teams/alpha/unit-31/file-2,read
674,svc-epsilon-0,/teams/gamma/unit-162/child/deep,list
675,svc-alpha-19,/teams/alpha/unit-57/file-0,write
676,svc-beta-18,/teams/delta/unit-25/file-5,write
677,svc-epsilon-8,/teams/alpha/unit-54/child/deep,read
678,svc-beta-1,/teams/delta/unit-153/file-5,read
679,svc-epsilon-16,/teams/alpha/unit-87/file-5,list
680,svc-alpha-8,/teams/gamma/unit-36/child/deep,write
681,svc-beta-12,/teams/gamma/unit-4/file-1,read
682,svc-gamma-3,/teams/epsilon/unit-39/file-7,list
683,svc-gamma-0,/teams/delta/unit-180/child/deep,write
684,svc-alpha-8,/teams/alpha/unit-67/file-1,list
685,svc-gamma-5,/teams/delta/unit-76/file-8,write
686,svc-alpha-0,/teams/gamma/unit-145/file-7,write
687,svc-alpha-9,/teams/alpha/unit-80/file-5,write
688,svc-delta-0,/teams/alpha/unit-105/file-3,read
689,svc-gamma-12,/teams/alpha/unit-86/file-2,list
690,svc-alpha-10,/teams/beta/unit-149/file-3,write
691,svc-gamma-13,/teams/epsilon/unit-5/file-0,read
692,svc-epsilon-17,/teams/delta/unit-66/child/deep,read
693,svc-epsilon-9,/teams/gamma/unit-198/child/deep,list
694,svc-epsilon-3,/teams/delta/unit-114/child/deep,write
695,svc-alpha-7,/teams/beta/unit-104/file-3,list
696,svc-beta-7,/teams/beta/unit-99/file-5,read
697,svc-epsilon-19,/teams/epsilon/unit-159/file-6,write
698,svc-beta-4,/teams/alpha/unit-143/file-8,write
699,svc-beta-17,/teams/delta/unit-122/file-6,list
700,svc-delta-10,/teams/beta/unit-108/child/deep,read
701,svc-gamma-15,/teams/beta/unit-108/child/deep,list
702,svc-epsilon-19,/teams/delta/unit-121/file-5,read
703,svc-delta-6,/teams/alpha/unit-196/file-5,read
704,svc-beta-6,/teams/alpha/unit-180/child/deep,list
705,svc-epsilon-0,/teams/alpha/unit-190/file-5,write
706,svc-beta-5,/teams/beta/unit-102/child/deep,list
707,svc-gamma-11,/teams/delta/unit-191/file-1,list
708,svc-delta-19,/teams/delta/unit-176/file-5,list
709,svc-alpha-16,/teams/gamma/unit-122/file-0,write
710,svc-delta-18,/teams/beta/unit-128/file-5,write
711,svc-gamma-12,/teams/alpha/unit-115/file-1,list
712,svc-delta-16,/teams/delta/unit-187/file-4,write
713,svc-delta-14,/teams/gamma/unit-45/file-6,read
714,svc-beta-2,/teams/delta/unit-58/file-0,read
715,svc-gamma-12,/teams/gamma/unit-97/file-8,read
716,svc-gamma-8,/teams/epsilon/unit-186/child/deep,list
717,svc-alpha-19,/teams/gamma/unit-42/child/deep,write
718,svc-beta-1,/teams/epsilon/unit-33/file-1,read
719,svc-beta-12,/teams/beta/unit-127/file-5,write
720,svc-beta-13,/teams/epsilon/unit-67/file-7,write
721,svc-epsilon-10,/teams/beta/unit-82/file-7,write
722,svc-beta-10,/teams/alpha/unit-1/file-0,list
723,svc-delta-19,/teams/delta/unit-49/file-4,read
724,svc-beta-16,/teams/alpha/unit-41/file-4,read
725,svc-delta-13,/teams/epsilon/unit-40/file-3,write
726,svc-delta-14,/teams/delta/unit-21/file-8,write
727,svc-gamma-2,/teams/alpha/unit-84/child/deep,write
728,svc-epsilon-13,/teams/beta/unit-91/file-1,list
729,svc-epsilon-13,/teams/alpha/unit-190/file-3,read
730,svc-alpha-9,/teams/beta/unit-6/child/deep,read
731,svc-gamma-14,/teams/epsilon/unit-0/child/deep,list
732,svc-alpha-6,/teams/beta/unit-181/file-3,write
733,svc-delta-0,/teams/alpha/unit-67/file-2,list
734,svc-beta-7,/teams/alpha/unit-40/file-3,write
735,svc-gamma-13,/teams/epsilon/unit-106/file-3,list
736,svc-beta-19,/teams/delta/unit-102/child/deep,read
737,svc-delta-3,/teams/epsilon/unit-168/child/deep,list
738,svc-epsilon-19,/teams/epsilon/unit-174/child/deep,read
739,svc-gamma-14,/teams/epsilon/unit-127/file-8,read
740,svc-beta-13,/teams/alpha/unit-194/file-8,write
741,svc-gamma-19,/teams/gamma/unit-4/file-3,list
742,svc-beta-9,/teams/beta/unit-110/file-8,write
743,svc-delta-1,/teams/epsilon/unit-125/file-8,read
744,svc-epsilon-19,/teams/epsilon/unit-128/file-0,list
745,svc-beta-0,/teams/beta/unit-45/file-7,read
746,svc-epsilon-13,/teams/alpha/unit-7/file-4,write
747,svc-gamma-0,/teams/epsilon/unit-64/file-5,read
748,svc-alpha-7,/teams/beta/unit-74/file-2,write
749,svc-gamma-18,/teams/gamma/unit-158/file-8,read
750,svc-epsilon-12,/teams/beta/unit-1/file-1,read
751,svc-alpha-12,/teams/alpha/unit-120/child/deep,write
752,svc-epsilon-6,/teams/alpha/unit-180/child/deep,read
753,svc-epsilon-17,/teams/gamma/unit-0/child/deep,read
754,svc-gamma-19,/teams/gamma/unit-141/file-4,read
755,svc-epsilon-16,/teams/alpha/unit-192/child/deep,list
756,svc-beta-2,/teams/epsilon/unit-23/file-6,list
757,svc-gamma-5,/teams/delta/unit-185/file-2,list
758,svc-alpha-9,/teams/alpha/unit-23/file-5,list
759,svc-gamma-19,/teams/delta/unit-6/child/deep,write
760,svc-alpha-11,/teams/gamma/unit-0/child/deep,read
761,svc-delta-6,/teams/gamma/unit-72/child/deep,list
762,svc-epsilon-11,/teams/alpha/unit-36/child/deep,list
763,svc-epsilon-4,/teams/gamma/unit-49/file-2,list
764,svc-gamma-19,/teams/gamma/unit-16/file-1,read
765,svc-epsilon-19,/teams/alpha/unit-122/file-2,list
766,svc-epsilon-10,/teams/beta/unit-31/file-7,write
767,svc-alpha-0,/teams/gamma/unit-197/file-5,write
768,svc-epsilon-14,/teams/alpha/unit-166/file-8,write
769,svc-beta-19,/teams/beta/unit-150/child/deep,write
770,svc-alpha-16,/teams/delta/unit-94/file-1,read
771,svc-gamma-15,/teams/beta/unit-25/file-2,read
772,svc-alpha-0,/teams/epsilon/unit-64/file-7,write
773,svc-delta-13,/teams/alpha/unit-28/file-7,list
774,svc-delta-0,/teams/gamma/unit-24/child/deep,write
775,svc-epsilon-7,/teams/beta/unit-178/file-4,read
776,svc-beta-9,/teams/epsilon/unit-177/file-5,list
777,svc-beta-14,/teams/epsilon/unit-193/file-0,read
778,svc-beta-2,/teams/beta/unit-116/file-6,write
779,svc-gamma-4,/teams/gamma/unit-110/file-3,list
780,svc-gamma-9,/teams/delta/unit-116/file-4,read
781,svc-alpha-1,/teams/gamma/unit-108/child/deep,list
782,svc-epsilon-10,/teams/alpha/unit-183/file-4,write
783,svc-epsilon-1,/teams/beta/unit-149/file-2,list
784,svc-epsilon-19,/teams/epsilon/unit-139/file-7,write
785,svc-delta-2,/teams/delta/unit-110/file-1,write
786,svc-beta-18,/teams/gamma/unit-81/file-0,write
787,svc-delta-3,/teams/beta/unit-143/file-5,list
788,svc-gamma-1,/teams/gamma/unit-17/file-2,write
789,svc-beta-8,/teams/gamma/unit-130/file-2,write
790,svc-epsilon-4,/teams/delta/unit-109/file-8,list
791,svc-beta-19,/teams/epsilon/unit-20/file-1,read
792,svc-beta-7,/teams/alpha/unit-175/file-1,read
793,svc-delta-19,/teams/delta/unit-2/file-0,write
794,svc-epsilon-1,/teams/alpha/unit-18/child/deep,list
795,svc-beta-14,/teams/alpha/unit-19/file-6,read
796,svc-beta-19,/teams/beta/unit-110/file-0,list
797,svc-alpha-6,/teams/gamma/unit-38/file-1,write
798,svc-beta-2,/teams/alpha/unit-98/file-0,write
799,svc-epsilon-1,/teams/alpha/unit-34/file-8,write
800,svc-alpha-6,/teams/alpha/unit-18/child/deep,read
801,svc-alpha-19,/teams/alpha/unit-187/file-6,write
802,svc-gamma-2,/teams/gamma/unit-96/child/deep,read
803,svc-alpha-2,/teams/epsilon/unit-114/child/deep,list
804,svc-gamma-3,/teams/delta/unit-45/file-2,write
805,svc-delta-14,/teams/epsilon/unit-32/file-0,list
806,svc-beta-4,/teams/delta/unit-107/file-2,read
807,svc-alpha-18,/teams/gamma/unit-126/child/deep,write
808,svc-beta-19,/teams/beta/unit-52/file-5,read
809,svc-gamma-16,/teams/alpha/unit-21/file-4,write
810,svc-gamma-10,/teams/alpha/unit-5/file-2,list
811,svc-gamma-17,/teams/gamma/unit-175/file-7,read
812,svc-alpha-17,/teams/beta/unit-180/child/deep,write
813,svc-alpha-9,/teams/delta/unit-190/file-3,read
814,svc-gamma-19,/teams/gamma/unit-51/file-7,list
815,svc-beta-0,/teams/alpha/unit-66/child/deep,write
816,svc-alpha-15,/teams/delta/unit-168/child/deep,list
817,svc-beta-8,/teams/delta/unit-25/file-2,write
818,svc-epsilon-6,/teams/beta/unit-109/file-3,list
819,svc-beta-16,/teams/gamma/unit-95/file-6,read
820,svc-epsilon-11,/teams/alpha/unit-199/file-6,read
821,svc-alpha-19,/teams/delta/unit-27/file-0,write
822,svc-beta-2,/teams/beta/unit-23/file-2,write
823,svc-alpha-8,/teams/gamma/unit-194/file-7,write
824,svc-gamma-19,/teams/beta/unit-114/child/deep,read
825,svc-gamma-12,/teams/epsilon/unit-175/file-5,write
826,svc-alpha-3,/teams/beta/unit-166/file-6,list
827,svc-epsilon-16,/teams/beta/unit-126/child/deep,list
828,svc-gamma-5,/teams/alpha/unit-75/file-5,list
829,svc-delta-19,/teams/delta/unit-153/file-5,list
830,svc-alpha-11,/teams/alpha/unit-90/child/deep,read
831,svc-beta-8,/teams/alpha/unit-157/file-0,write
832,svc-beta-15,/teams/gamma/unit-180/child/deep,write
833,svc-alpha-19,/teams/alpha/unit-107/file-3,read
834,svc-delta-9,/teams/alpha/unit-179/file-6,write
835,svc-gamma-15,/teams/epsilon/unit-60/child/deep,list
836,svc-alpha-14,/teams/gamma/unit-35/file-4,read
837,svc-gamma-19,/teams/gamma/unit-68/file-1,read
838,svc-delta-7,/teams/gamma/unit-98/file-1,list
839,svc-delta-8,/teams/gamma/unit-45/file-5,list
840,svc-delta-13,/teams/beta/unit-155/file-2,list
841,svc-delta-12,/teams/alpha/unit-17/file-1,read
842,svc-alpha-1,/teams/alpha/unit-111/file-5,read
843,svc-beta-19,/teams/beta/unit-134/file-3,read
844,svc-alpha-8,/teams/delta/unit-62/file-2,list
845,svc-alpha-2,/teams/beta/unit-116/file-8,read
846,svc-alpha-19,/teams/alpha/unit-189/file-2,list
847,svc-beta-6,/teams/beta/unit-158/file-7,write
848,svc-alpha-10,/teams/epsilon/unit-73/file-1,write
849,svc-delta-2,/teams/gamma/unit-112/file-7,write
850,svc-alpha-5,/teams/delta/unit-73/file-5,read
851,svc-delta-2,/teams/alpha/unit-139/file-8,write
852,svc-gamma-10,/teams/epsilon/unit-0/child/deep,list
853,svc-alpha-0,/teams/epsilon/unit-25/file-4,write
854,svc-alpha-17,/teams/gamma/unit-173/file-2,write
855,svc-delta-16,/teams/alpha/unit-100/file-0,read
856,svc-delta-19,/teams/delta/unit-161/file-3,list
857,svc-delta-10,/teams/delta/unit-36/child/deep,read
858,svc-beta-13,/teams/alpha/unit-17/file-3,list
859,svc-gamma-9,/teams/alpha/unit-45/file-2,read
860,svc-beta-19,/teams/gamma/unit-64/file-1,list
861,svc-beta-7,/teams/alpha/unit-62/file-4,read
862,svc-gamma-6,/teams/alpha/unit-141/file-8,list
863,svc-beta-13,/teams/delta/unit-48/child/deep,read
864,svc-gamma-14,/teams/delta/unit-23/file-6,read
865,svc-delta-11,/teams/gamma/unit-102/child/deep,list
866,svc-alpha-6,/teams/beta/unit-7/file-3,read
867,svc-beta-15,/teams/alpha/unit-193/file-5,read
868,svc-gamma-19,/teams/gamma/unit-39/file-6,write
869,svc-delta-16,/teams/delta/unit-190/file-1,write
870,svc-alpha-14,/teams/gamma/unit-168/child/deep,list
871,svc-epsilon-12,/teams/delta/unit-97/file-8,list
872,svc-alpha-19,/teams/alpha/unit-41/file-4,read
873,svc-epsilon-19,/teams/alpha/unit-45/file-0,read
874,svc-epsilon-8,/teams/beta/unit-195/file-5,list
875,svc-delta-3,/teams/epsilon/unit-28/file-3,write
876,svc-delta-1,/teams/gamma/unit-35/file-6,list
877,svc-epsilon-15,/teams/beta/unit-197/file-2,read
878,svc-alpha-0,/teams/gamma/unit-86/file-8,write
879,svc-gamma-3,/teams/delta/unit-64/file-1,write
880,svc-epsilon-16,/teams/gamma/unit-25/file-3,write
881,svc-alpha-14,/teams/alpha/unit-162/child/deep,list
882,svc-alpha-11,/teams/gamma/unit-31/file-0,write
883,svc-delta-0,/teams/epsilon/unit-1/file-3,read
884,svc-delta-16,/teams/gamma/unit-59/file-6,list
885,svc-epsilon-14,/teams/alpha/unit-17/file-0,read
886,svc-alpha-18,/teams/epsilon/unit-182/file-5,list
887,svc-delta-5,/teams/alpha/unit-124/file-4,list
888,svc-gamma-11,/teams/gamma/unit-131/file-8,list
889,svc-beta-6,/teams/alpha/unit-53/file-7,write
890,svc-delta-5,/teams/gamma/unit-148/file-4,list
891,svc-gamma-16,/teams/gamma/unit-130/file-3,read
892,svc-alpha-19,/teams/alpha/unit-7/file-8,list
893,svc-beta-11,/teams/delta/unit-111/file-4,read
894,svc-gamma-8,/teams/delta/unit-25/file-1,list
895,svc-alpha-1,/teams/epsilon/unit-52/file-1,read
896,svc-beta-12,/teams/epsilon/unit-189/file-7,read
897,svc-gamma-8,/teams/epsilon/unit-82/file-3,write
898,svc-beta-13,/teams/epsilon/unit-149/file-7,read
899,svc-beta-19,/teams/delta/unit-4/file-8,read
900,svc-delta-1,/teams/epsilon/unit-27/file-1,list
901,svc-delta-19,/teams/delta/unit-172/file-7,read
902,svc-alpha-18,/teams/delta/unit-120/child/deep,read
903,svc-beta-15,/teams/delta/unit-134/file-4,read
904,svc-delta-6,/teams/alpha/unit-58/file-8,write
905,svc-delta-0,/teams/gamma/unit-188/file-5,write
906,svc-beta-8,/teams/beta/unit-33/file-2,read
907,svc-epsilon-15,/teams/gamma/unit-145/file-0,list
908,svc-epsilon-11,/teams/delta/unit-36/child/deep,read
909,svc-beta-19,/teams/beta/unit-123/file-6,read
910,svc-epsilon-3,/teams/beta/unit-152/file-0,read
911,svc-epsilon-19,/teams/epsilon/unit-195/file-7,list
912,svc-alpha-13,/teams/delta/unit-19/file-0,list
913,svc-alpha-11,/teams/delta/unit-134/file-8,read
914,svc-alpha-9,/teams/alpha/unit-90/child/deep,read
915,svc-epsilon-0,/teams/delta/unit-73/file-8,read
916,svc-delta-17,/teams/epsilon/unit-187/file-4,list
917,svc-alpha-19,/teams/epsilon/unit-133/file-4,read
918,svc-alpha-19,/teams/alpha/unit-0/child/deep,read
919,svc-alpha-19,/teams/beta/unit-134/file-5,list
920,svc-epsilon-19,/teams/epsilon/unit-64/file-7,write
921,svc-beta-11,/teams/alpha/unit-43/file-7,write
922,svc-gamma-19,/teams/alpha/unit-153/file-2,read
923,svc-gamma-19,/teams/gamma/unit-45/file-1,write
924,svc-alpha-18,/teams/delta/unit-197/file-4,read
925,svc-epsilon-16,/teams/delta/unit-119/file-0,list
926,svc-alpha-19,/teams/epsilon/unit-157/file-4,write
927,svc-alpha-18,/teams/gamma/unit-45/file-2,write
928,svc-alpha-10,/teams/gamma/unit-161/file-8,write
929,svc-gamma-12,/teams/beta/unit-1/file-2,read
930,svc-alpha-15,/teams/gamma/unit-77/file-1,read
931,svc-delta-19,/teams/delta/unit-38/file-6,read
932,svc-alpha-10,/teams/delta/unit-58/file-6,write
933,svc-alpha-0,/teams/alpha/unit-148/file-8,read
934,svc-epsilon-5,/teams/delta/unit-42/child/deep,write
935,svc-alpha-10,/teams/alpha/unit-123/file-6,list
936,svc-beta-0,/teams/gamma/unit-39/file-5,list
937,svc-gamma-14,/teams/delta/unit-152/file-4,write
938,svc-beta-19,/teams/beta/unit-0/child/deep,write
939,svc-delta-8,/teams/alpha/unit-87/file-3,list
940,svc-delta-11,/teams/epsilon/unit-128/file-3,list
941,svc-epsilon-0,/teams/beta/unit-108/child/deep,write
942,svc-gamma-1,/teams/gamma/unit-58/file-0,read
943,svc-beta-11,/teams/delta/unit-3/file-1,list
944,svc-beta-2,/teams/epsilon/unit-103/file-8,write
945,svc-alpha-6,/teams/alpha/unit-69/file-3,read
946,svc-alpha-19,/teams/alpha/unit-93/file-7,write
947,svc-beta-18,/teams/delta/unit-87/file-3,read
948,svc-delta-19,/teams/delta/unit-111/file-5,read
949,svc-gamma-7,/teams/delta/unit-174/child/deep,write
950,svc-gamma-9,/teams/beta/unit-156/child/deep,read
951,svc-beta-1,/teams/delta/unit-122/file-0,read
952,svc-beta-13,/teams/alpha/unit-189/file-7,list
953,svc-epsilon-16,/teams/beta/unit-45/file-0,read
954,svc-gamma-17,/teams/alpha/unit-40/file-3,list
955,svc-alpha-5,/teams/alpha/unit-26/file-4,list
956,svc-gamma-14,/teams/epsilon/unit-144/child/deep,list
957,svc-epsilon-18,/teams/alpha/unit-99/file-8,write
958,svc-epsilon-7,/teams/gamma/unit-65/file-2,read
959,svc-epsilon-13,/teams/gamma/unit-194/file-4,read
960,svc-epsilon-8,/teams/gamma/unit-198/child/deep,read
961,svc-delta-11,/teams/gamma/unit-15/file-6,write
962,svc-alpha-0,/teams/epsilon/unit-1/file-7,write
963,svc-epsilon-16,/teams/epsilon/unit-157/file-4,write
964,svc-delta-16,/teams/epsilon/unit-125/file-3,write
965,svc-gamma-12,/teams/epsilon/unit-12/child/deep,read
966,svc-delta-6,/teams/gamma/unit-180/child/deep,list
967,svc-gamma-18,/teams/epsilon/unit-46/file-1,list
968,svc-gamma-0,/teams/beta/unit-71/file-1,read
969,svc-delta-19,/teams/delta/unit-74/file-5,write
970,svc-gamma-6,/teams/beta/unit-189/file-6,list
971,svc-delta-1,/teams/alpha/unit-105/file-2,write
972,svc-epsilon-19,/teams/epsilon/unit-100/file-1,list
973,svc-gamma-19,/teams/gamma/unit-27/file-8,list
974,svc-alpha-14,/teams/delta/unit-39/file-2,list
975,svc-beta-8,/teams/gamma/unit-185/file-5,list
976,svc-beta-8,/teams/alpha/unit-164/file-0,read
977,svc-alpha-17,/teams/gamma/unit-18/child/deep,read
978,svc-gamma-0,/teams/epsilon/unit-169/file-4,read
979,svc-alpha-18,/teams/gamma/unit-91/file-7,list
980,svc-gamma-4,/teams/beta/unit-9/file-2,list
981,svc-alpha-18,/teams/alpha/unit-176/file-7,write
982,svc-beta-2,/teams/delta/unit-183/file-7,write
983,svc-alpha-16,/teams/alpha/unit-55/file-6,list
984,svc-gamma-17,/teams/beta/unit-167/file-6,write
985,svc-gamma-18,/teams/beta/unit-60/child/deep,read
986,svc-epsilon-15,/teams/beta/unit-190/file-8,write
987,svc-delta-3,/teams/alpha/unit-142/file-3,write
988,svc-beta-16,/teams/alpha/unit-59/file-0,write
989,svc-alpha-2,/teams/beta/unit-11/file-2,write
990,svc-gamma-5,/teams/delta/unit-54/child/deep,read
991,svc-epsilon-8,/teams/beta/unit-29/file-8,list
992,svc-epsilon-16,/teams/beta/unit-158/file-6,list
993,svc-epsilon-14,/teams/alpha/unit-170/file-5,list
994,svc-beta-6,/teams/alpha/unit-160/file-8,write
995,svc-delta-14,/teams/delta/unit-39/file-5,list
996,svc-epsilon-9,/teams/gamma/unit-155/file-4,list
997,svc-delta-3,/teams/alpha/unit-159/file-6,write
998,svc-beta-15,/teams/epsilon/unit-89/file-6,read
999,svc-epsilon-19,/teams/epsilon/unit-20/file-1,list
1000,svc-gamma-1,/teams/delta/unit-8/file-2,list
1001,svc-gamma-13,/teams/beta/unit-26/file-2,write
1002,svc-delta-9,/teams/gamma/unit-131/file-8,read
1003,svc-beta-16,/teams/beta/unit-196/file-6,read
1004,svc-delta-9,/teams/alpha/unit-137/file-3,read
1005,svc-alpha-1,/teams/alpha/unit-144/child/deep,list
1006,svc-epsilon-11,/teams/beta/unit-190/file-2,write
1007,svc-epsilon-19,/teams/epsilon/unit-195/file-6,list
1008,svc-epsilon-0,/teams/alpha/unit-82/file-6,write
1009,svc-delta-13,/teams/epsilon/unit-115/file-4,list
1010,svc-alpha-8,/teams/delta/unit-170/file-2,write
1011,svc-beta-6,/teams/delta/unit-7/file-1,list
1012,svc-beta-7,/teams/gamma/unit-142/file-8,write
1013,svc-gamma-6,/teams/gamma/unit-151/file-0,write
1014,svc-gamma-14,/teams/beta/unit-153/file-4,read
1015,svc-delta-8,/teams/epsilon/unit-133/file-4,write
1016,svc-gamma-14,/teams/delta/unit-105/file-1,list
1017,svc-gamma-2,/teams/delta/unit-89/file-5,list
1018,svc-beta-9,/teams/gamma/unit-62/file-0,read
1019,svc-delta-2,/teams/alpha/unit-28/file-6,read
1020,svc-delta-19,/teams/delta/unit-23/file-2,write
1021,svc-gamma-10,/teams/delta/unit-118/file-2,write
1022,svc-beta-8,/teams/beta/unit-170/file-5,write
1023,svc-epsilon-12,/teams/alpha/unit-83/file-2,read
1024,svc-delta-13,/teams/delta/unit-85/file-6,list
1025,svc-delta-18,/teams/delta/unit-190/file-5,write
1026,svc-beta-15,/teams/gamma/unit-5/file-7,read
1027,svc-epsilon-2,/teams/gamma/unit-120/child/deep,list
1028,svc-beta-2,/teams/alpha/unit-157/file-4,write
1029,svc-gamma-19,/teams/gamma/unit-36/child/deep,list
1030,svc-alpha-14,/teams/gamma/unit-171/file-4,read
1031,svc-epsilon-4,/teams/beta/unit-170/file-8,write
1032,svc-alpha-19,/teams/alpha/unit-115/file-7,read
1033,svc-gamma-11,/teams/epsilon/unit-159/file-6,read
1034,svc-alpha-1,/teams/delta/unit-33/file-7,list
1035,svc-alpha-17,/teams/epsilon/unit-39/file-2,read
1036,svc-epsilon-14,/teams/alpha/unit-140/file-7,write
1037,svc-gamma-3,/teams/gamma/unit-196/file-4,read
1038,svc-beta-13,/teams/beta/unit-71/file-3,write
1039,svc-beta-11,/teams/epsilon/unit-87/file-3,write
1040,svc-alpha-19,/teams/alpha/unit-40/file-8,read
1041,svc-delta-8,/teams/alpha/unit-172/file-2,read
1042,svc-delta-11,/teams/delta/unit-119/file-5,list
1043,svc-beta-16,/teams/epsilon/unit-80/file-2,write
1044,svc-epsilon-2,/teams/gamma/unit-111/file-7,write
1045,svc-alpha-5,/teams/delta/unit-20/file-7,list
1046,svc-gamma-1,/teams/epsilon/unit-44/file-1,list
1047,svc-delta-10,/teams/delta/unit-174/child/deep,list
1048,svc-epsilon-4,/teams/alpha/unit-21/file-1,read
1049,svc-gamma-6,/teams/gamma/unit-181/file-0,list
1050,svc-gamma-3,/teams/beta/unit-58/file-3,read
1051,svc-beta-15,/teams/beta/unit-47/file-4,read
1052,svc-epsilon-6,/teams/beta/unit-36/child/deep,write
1053,svc-gamma-19,/teams/gamma/unit-44/file-0,list
1054,svc-beta-3,/teams/epsilon/unit-64/file-7,list
1055,svc-beta-11,/teams/alpha/unit-71/file-3,write
1056,svc-gamma-11,/teams/beta/unit-16/file-1,list
1057,svc-alpha-19,/teams/alpha/unit-73/file-7,write
1058,svc-gamma-7,/teams/beta/unit-65/file-3,read
1059,svc-gamma-11,/teams/beta/unit-50/file-4,write
1060,svc-delta-17,/teams/epsilon/unit-32/file-5,read
1061,svc-alpha-9,/teams/epsilon/unit-65/file-4,list
1062,svc-delta-12,/teams/alpha/unit-26/file-1,write
1063,svc-gamma-19,/teams/gamma/unit-64/file-1,read
1064,svc-alpha-19,/teams/alpha/unit-168/child/deep,list
1065,svc-alpha-19,/teams/alpha/unit-97/file-5,read
1066,svc-epsilon-1,/teams/gamma/unit-78/child/deep,write
1067,svc-delta-13,/teams/gamma/unit-3/file-0,write
1068,svc-beta-16,/teams/gamma/unit-199/file-6,read
1069,svc-beta-5,/teams/delta/unit-113/file-5,read
1070,svc-alpha-11,/teams/beta/unit-89/file-1,read
1071,svc-alpha-3,/teams/delta/unit-91/file-1,write
1072,svc-alpha-19,/teams/beta/unit-187/file-2,read
1073,svc-beta-4,/teams/delta/unit-13/file-2,list
1074,svc-beta-11,/teams/beta/unit-14/file-1,list
1075,svc-alpha-8,/teams/epsilon/unit-15/file-1,list
1076,svc-alpha-7,/teams/gamma/unit-157/file-1,write
1077,svc-delta-13,/teams/gamma/unit-126/child/deep,list
1078,svc-beta-8,/teams/delta/unit-161/file-6,list
1079,svc-gamma-17,/teams/beta/unit-139/file-7,write
1080,svc-epsilon-9,/teams/epsilon/unit-46/file-0,write
1081,svc-gamma-8,/teams/epsilon/unit-190/file-2,write
1082,svc-epsilon-17,/teams/epsilon/unit-120/child/deep,list
1083,svc-beta-10,/teams/delta/unit-135/file-7,read
1084,svc-beta-12,/teams/alpha/unit-136/file-1,read
1085,svc-epsilon-2,/teams/alpha/unit-163/file-8,list
1086,svc-alpha-16,/teams/epsilon/unit-27/file-8,write
1087,svc-epsilon-3,/teams/alpha/unit-86/file-4,read
1088,svc-epsilon-18,/teams/beta/unit-157/file-5,list
1089,svc-beta-19,/teams/beta/unit-15/file-8,write
1090,svc-gamma-11,/teams/beta/unit-149/file-0,read
1091,svc-alpha-5,/teams/alpha/unit-115/file-2,read
1092,svc-beta-3,/teams/beta/unit-107/file-6,read
1093,svc-epsilon-13,/teams/beta/unit-45/file-0,list
1094,svc-gamma-14,/teams/alpha/unit-157/file-2,read
1095,svc-epsilon-19,/teams/epsilon/unit-127/file-4,read
1096,svc-epsilon-15,/teams/epsilon/unit-167/file-4,list
1097,svc-gamma-7,/teams/epsilon/unit-157/file-0,list
1098,svc-beta-11,/teams/gamma/unit-70/file-2,write
1099,svc-epsilon-16,/teams/gamma/unit-21/file-7,read
1100,svc-epsilon-0,/teams/alpha/unit-29/file-6,read
1101,svc-beta-14,/teams/gamma/unit-172/file-8,list
1102,svc-beta-5,/teams/delta/unit-77/file-5,list
1103,svc-delta-5,/teams/beta/unit-69/file-3,write
1104,svc-epsilon-19,/teams/epsilon/unit-60/child/deep,read
1105,svc-epsilon-15,/teams/alpha/unit-91/file-3,list
1106,svc-delta-3,/teams/delta/unit-196/file-4,write
1107,svc-epsilon-1,/teams/gamma/unit-50/file-5,list
1108,svc-epsilon-11,/teams/alpha/unit-182/file-8,write
1109,svc-epsilon-6,/teams/beta/unit-64/file-8,read
1110,svc-epsilon-13,/teams/beta/unit-36/child/deep,read
1111,svc-gamma-17,/teams/delta/unit-73/file-6,read
1112,svc-beta-16,/teams/delta/unit-163/file-4,write
1113,svc-alpha-8,/teams/epsilon/unit-63/file-1,read
1114,svc-epsilon-19,/teams/delta/unit-24/child/deep,list
1115,svc-alpha-15,/teams/epsilon/unit-24/child/deep,write
1116,svc-epsilon-19,/teams/epsilon/unit-159/file-1,read
1117,svc-beta-18,/teams/gamma/unit-102/child/deep,read
1118,svc-delta-3,/teams/alpha/unit-164/file-3,write
1119,svc-gamma-1,/teams/alpha/unit-68/file-5,list
1120,svc-epsilon-14,/teams/beta/unit-115/file-7,write
1121,svc-beta-14,/teams/gamma/unit-24/child/deep,write
1122,svc-alpha-10,/teams/epsilon/unit-99/file-0,write
1123,svc-alpha-14,/teams/beta/unit-24/child/deep,write
1124,svc-alpha-1,/teams/beta/unit-16/file-6,write
1125,svc-delta-19,/teams/delta/unit-151/file-1,read
1126,svc-gamma-19,/teams/delta/unit-186/child/deep,list
1127,svc-alpha-2,/teams/beta/unit-173/file-4,list
1128,svc-delta-12,/teams/beta/unit-17/file-0,write
1129,svc-epsilon-10,/teams/alpha/unit-66/child/deep,write
1130,svc-beta-8,/teams/alpha/unit-125/file-3,write
1131,svc-delta-5,/teams/epsilon/unit-54/child/deep,write
1132,svc-delta-15,/teams/beta/unit-144/child/deep,list
1133,svc-epsilon-3,/teams/alpha/unit-155/file-6,list
1134,svc-alpha-0,/teams/epsilon/unit-166/file-3,read
1135,svc-alpha-8,/teams/delta/unit-128/file-0,list
1136,svc-alpha-19,/teams/alpha/unit-45/file-6,write
1137,svc-delta-13,/teams/beta/unit-162/child/deep,write
1138,svc-epsilon-10,/teams/beta/unit-104/file-6,read
1139,svc-beta-0,/teams/gamma/unit-175/file-6,list
1140,svc-alpha-2,/teams/delta/unit-33/file-0,list
1141,svc-epsilon-9,/teams/gamma/unit-139/file-3,write
1142,svc-alpha-13,/teams/delta/unit-175/file-4,read
1143,svc-alpha-18,/teams/gamma/unit-0/child/deep,read
1144,svc-beta-19,/teams/beta/unit-139/file-7,read
1145,svc-epsilon-7,/teams/alpha/unit-131/file-8,read
1146,svc-delta-19,/teams/delta/unit-153/file-8,list
1147,svc-epsilon-0,/teams/alpha/unit-163/file-1,read
1148,svc-delta-15,/teams/beta/unit-5/file-7,write
1149,svc-gamma-2,/teams/gamma/unit-6/child/deep,write
1150,svc-gamma-11,/teams/gamma/unit-160/file-6,list
1151,svc-gamma-12,/teams/beta/unit-13/file-2,read
1152,svc-gamma-19,/teams/gamma/unit-11/file-2,read
1153,svc-delta-1,/teams/beta/unit-196/file-4,write
1154,svc-alpha-19,/teams/delta/unit-13/file-7,read
1155,svc-delta-19,/teams/delta/unit-123/file-3,list
1156,svc-alpha-7,/teams/beta/unit-116/file-6,list
1157,svc-alpha-3,/teams/beta/unit-141/file-1,read
1158,svc-gamma-14,/teams/epsilon/unit-62/file-8,read
1159,svc-beta-6,/teams/epsilon/unit-127/file-0,write
1160,svc-beta-10,/teams/gamma/unit-114/child/deep,list
1161,svc-gamma-19,/teams/beta/unit-59/file-1,read
1162,svc-alpha-10,/teams/beta/unit-76/file-8,list
1163,svc-epsilon-9,/teams/beta/unit-75/file-4,write
1164,svc-gamma-19,/teams/beta/unit-57/file-7,read
1165,svc-alpha-2,/teams/alpha/unit-147/file-4,list
1166,svc-epsilon-7,/teams/beta/unit-70/file-1,read
1167,svc-epsilon-18,/teams/alpha/unit-54/child/deep,write
1168,svc-epsilon-16,/teams/epsilon/unit-104/file-1,read
1169,svc-epsilon-17,/teams/epsilon/unit-134/file-7,list
1170,svc-gamma-2,/teams/delta/unit-169/file-2,read
1171,svc-beta-5,/teams/beta/unit-39/file-3,list
1172,svc-epsilon-5,/teams/beta/unit-165/file-7,write
1173,svc-alpha-17,/teams/delta/unit-86/file-4,write
1174,svc-epsilon-13,/teams/beta/unit-36/child/deep,list
1175,svc-delta-18,/teams/delta/unit-139/file-1,list
1176,svc-beta-4,/teams/epsilon/unit-20/file-8,write
1177,svc-delta-9,/teams/delta/unit-199/file-8,write
1178,svc-epsilon-15,/teams/delta/unit-143/file-7,write
1179,svc-epsilon-18,/teams/beta/unit-166/file-1,list
1180,svc-delta-8,/teams/epsilon/unit-4/file-1,list
1181,svc-alpha-4,/teams/alpha/unit-160/file-4,read
1182,svc-gamma-3,/teams/epsilon/unit-1/file-7,write
1183,svc-delta-5,/teams/epsilon/unit-153/file-8,write
1184,svc-gamma-17,/teams/beta/unit-65/file-6,write
1185,svc-delta-2,/teams/epsilon/unit-56/file-5,write
1186,svc-gamma-19,/teams/gamma/unit-32/file-8,write
1187,svc-epsilon-1,/teams/alpha/unit-148/file-4,read
1188,svc-alpha-14,/teams/alpha/unit-191/file-0,list
1189,svc-epsilon-14,/teams/epsilon/unit-185/file-7,list
1190,svc-gamma-11,/teams/beta/unit-19/file-1,write
1191,svc-epsilon-14,/teams/alpha/unit-159/file-0,list
1192,svc-gamma-8,/teams/beta/unit-93/file-2,read
1193,svc-delta-14,/teams/alpha/unit-114/child/deep,write
1194,svc-gamma-9,/teams/beta/unit-61/file-6,read
1195,svc-beta-5,/teams/delta/unit-97/file-2,list
1196,svc-delta-19,/teams/gamma/unit-113/file-0,write
1197,svc-beta-18,/teams/alpha/unit-28/file-3,read
1198,svc-beta-14,/teams/delta/unit-18/child/deep,list
1199,svc-epsilon-13,/teams/epsilon/unit-95/file-4,read
1200,svc-beta-0,/teams/epsilon/unit-53/file-1,read
1201,svc-delta-3,/teams/beta/unit-170/file-4,list
1202,svc-alpha-9,/teams/alpha/unit-4/file-4,list
1203,svc-delta-8,/teams/gamma/unit-160/file-2,write
1204,svc-beta-13,/teams/gamma/unit-164/file-7,list
1205,svc-beta-4,/teams/epsilon/unit-53/file-4,list
1206,svc-epsilon-12,/teams/delta/unit-81/file-5,write
1207,svc-delta-19,/teams/delta/unit-46/file-6,read
1208,svc-epsilon-10,/teams/alpha/unit-180/child/deep,write
1209,svc-gamma-18,/teams/beta/unit-73/file-4,list
1210,svc-alpha-13,/teams/beta/unit-146/file-7,list
1211,svc-alpha-15,/teams/delta/unit-83/file-3,read
1212,svc-beta-10,/teams/beta/unit-187/file-5,read
1213,svc-gamma-7,/teams/beta/unit-74/file-7,list
1214,svc-alpha-15,/teams/beta/unit-76/file-3,read
1215,svc-delta-1,/teams/delta/unit-7/file-6,list
1216,svc-delta-15,/teams/alpha/unit-45/file-2,list
1217,svc-delta-19,/teams/delta/unit-40/file-5,list
1218,svc-epsilon-15,/teams/epsilon/unit-172/file-1,read
1219,svc-delta-12,/teams/delta/unit-107/file-8,list
1220,svc-alpha-3,/teams/alpha/unit-138/child/deep,list
1221,svc-delta-14,/teams/delta/unit-142/file-7,write
1222,svc-delta-8,/teams/delta/unit-71/file-4,list
1223,svc-epsilon-12,/teams/beta/unit-183/file-6,list
1224,svc-beta-14,/teams/beta/unit-177/file-4,read
1225,svc-epsilon-19,/teams/epsilon/unit-171/file-3,list
1226,svc-beta-5,/teams/alpha/unit-48/child/deep,write
1227,svc-gamma-1,/teams/alpha/unit-77/file-0,write
1228,svc-beta-8,/teams/gamma/unit-67/file-2,list
1229,svc-gamma-1,/teams/beta/unit-184/file-3,read
1230,svc-beta-0,/teams/epsilon/unit-81/file-1,read
1231,svc-epsilon-17,/teams/epsilon/unit-27/file-4,list
1232,svc-delta-14,/teams/beta/unit-74/file-1,write
1233,svc-beta-17,/teams/epsilon/unit-161/file-0,list
1234,svc-alpha-6,/teams/gamma/unit-170/file-0,list
1235,svc-alpha-8,/teams/epsilon/unit-117/file-4,write
1236,svc-alpha-16,/teams/alpha/unit-198/child/deep,list
1237,svc-alpha-18,/teams/gamma/unit-134/file-2,read
1238,svc-gamma-4,/teams/beta/unit-21/file-0,write
1239,svc-delta-16,/teams/gamma/unit-33/file-0,read
1240,svc-delta-4,/teams/epsilon/unit-50/file-5,read
1241,svc-epsilon-1,/teams/epsilon/unit-103/file-8,list
1242,svc-alpha-19,/teams/alpha/unit-155/file-1,write
1243,svc-gamma-16,/teams/gamma/unit-99/file-8,write
1244,svc-beta-0,/teams/gamma/unit-92/file-5,write
1245,svc-delta-5,/teams/gamma/unit-185/file-2,read
1246,svc-gamma-10,/teams/gamma/unit-2/file-8,write
1247,svc-delta-5,/teams/delta/unit-25/file-5,read
1248,svc-beta-18,/teams/beta/unit-98/file-5,list
1249,svc-alpha-1,/teams/alpha/unit-88/file-6,read
1250,svc-beta-17,/teams/alpha/unit-150/child/deep,read
1251,svc-delta-11,/teams/alpha/unit-111/file-2,read
1252,svc-gamma-7,/teams/epsilon/unit-11/file-5,write
1253,svc-alpha-12,/teams/beta/unit-173/file-7,write
1254,svc-epsilon-19,/teams/gamma/unit-154/file-0,list
1255,svc-epsilon-18,/teams/delta/unit-57/file-6,read
1256,svc-epsilon-18,/teams/delta/unit-62/file-6,write
1257,svc-alpha-3,/teams/epsilon/unit-118/file-8,list
1258,svc-epsilon-19,/teams/gamma/unit-159/file-8,read
1259,svc-gamma-13,/teams/epsilon/unit-152/file-7,write
1260,svc-epsilon-0,/teams/beta/unit-45/file-7,read
1261,svc-delta-7,/teams/gamma/unit-194/file-8,list
1262,svc-delta-6,/teams/beta/unit-33/file-4,read
1263,svc-beta-17,/teams/gamma/unit-181/file-5,list
1264,svc-alpha-11,/teams/alpha/unit-128/file-2,write
1265,svc-alpha-11,/teams/delta/unit-177/file-6,read
1266,svc-delta-2,/teams/gamma/unit-19/file-2,write
1267,svc-delta-17,/teams/delta/unit-37/file-3,read
1268,svc-alpha-4,/teams/alpha/unit-117/file-2,write
1269,svc-gamma-17,/teams/alpha/unit-191/file-7,list
1270,svc-alpha-3,/teams/delta/unit-183/file-0,read
1271,svc-delta-0,/teams/alpha/unit-13/file-6,list
1272,svc-beta-1,/teams/alpha/unit-83/file-1,list
1273,svc-delta-6,/teams/beta/unit-23/file-3,write
1274,svc-gamma-2,/teams/beta/unit-44/file-8,list
1275,svc-beta-12,/teams/delta/unit-12/child/deep,list
1276,svc-gamma-14,/teams/gamma/unit-79/file-0,write
1277,svc-alpha-19,/teams/gamma/unit-102/child/deep,read
1278,svc-beta-19,/teams/beta/unit-96/child/deep,list
1279,svc-beta-10,/teams/beta/unit-89/file-2,write
1280,svc-beta-10,/teams/alpha/unit-170/file-2,write
1281,svc-alpha-13,/teams/gamma/unit-64/file-4,read
1282,svc-beta-6,/teams/gamma/unit-66/child/deep,write
1283,svc-delta-15,/teams/delta/unit-177/file-1,list
1284,svc-epsilon-14,/teams/gamma/unit-142/file-1,read
1285,svc-epsilon-6,/teams/delta/unit-149/file-2,read
1286,svc-beta-19,/teams/delta/unit-148/file-2,write
1287,svc-gamma-3,/teams/beta/unit-67/file-2,list
1288,svc-beta-7,/teams/beta/unit-45/file-6,read
1289,svc-alpha-0,/teams/delta/unit-118/file-3,write
1290,svc-delta-4,/teams/alpha/unit-95/file-0,read
1291,svc-beta-8,/teams/beta/unit-175/file-0,read
1292,svc-gamma-7,/teams/delta/unit-127/file-0,read
1293,svc-delta-15,/teams/beta/unit-36/child/deep,read
1294,svc-delta-18,/teams/delta/unit-117/file-0,list
1295,svc-gamma-13,/teams/alpha/unit-183/file-3,write
1296,svc-delta-14,/teams/gamma/unit-11/file-7,list
1297,svc-epsilon-15,/teams/epsilon/unit-36/child/deep,read
1298,svc-delta-10,/teams/gamma/unit-25/file-3,read
1299,svc-alpha-15,/teams/epsilon/unit-101/file-1,list
1300,svc-beta-12,/teams/alpha/unit-70/file-7,read
1301,svc-alpha-17,/teams/beta/unit-84/child/deep,read
1302,svc-delta-10,/teams/delta/unit-111/file-6,list
1303,svc-beta-17,/teams/beta/unit-159/file-1,read
1304,svc-alpha-4,/teams/beta/unit-28/file-0,list
1305,svc-alpha-17,/teams/gamma/unit-27/file-2,write
1306,svc-epsilon-10,/teams/gamma/unit-65/file-0,read
1307,svc-beta-15,/teams/alpha/unit-63/file-3,list
1308,svc-alpha-3,/teams/epsilon/unit-197/file-1,read
1309,svc-alpha-9,/teams/delta/unit-98/file-6,write
1310,svc-beta-7,/teams/gamma/unit-96/child/deep,write
1311,svc-epsilon-13,/teams/delta/unit-5/file-4,list
1312,svc-gamma-3,/teams/epsilon/unit-106/file-2,read
1313,svc-alpha-5,/teams/gamma/unit-183/file-3,list
1314,svc-alpha-5,/teams/delta/unit-148/file-4,read
1315,svc-epsilon-3,/teams/beta/unit-34/file-1,write
1316,svc-gamma-10,/teams/gamma/unit-109/file-7,read
1317,svc-beta-11,/teams/alpha/unit-105/file-1,read
1318,svc-alpha-12,/teams/beta/unit-155/file-7,write
1319,svc-epsilon-19,/teams/epsilon/unit-172/file-3,list
1320,svc-delta-0,/teams/beta/unit-97/file-4,list
1321,svc-epsilon-13,/teams/delta/unit-153/file-2,read
1322,svc-epsilon-11,/teams/epsilon/unit-125/file-4,list
1323,svc-beta-0,/teams/alpha/unit-75/file-4,write
1324,svc-beta-2,/teams/alpha/unit-126/child/deep,read
1325,svc-delta-9,/teams/gamma/unit-180/child/deep,write
1326,svc-delta-0,/teams/alpha/unit-100/file-8,read
1327,svc-delta-5,/teams/beta/unit-27/file-2,list
1328,svc-delta-3,/teams/beta/unit-174/child/deep,list
1329,svc-epsilon-13,/teams/beta/unit-140/file-6,list
1330,svc-delta-3,/teams/epsilon/unit-122/file-2,list
1331,svc-delta-5,/teams/alpha/unit-41/file-7,write
1332,svc-beta-11,/teams/beta/unit-11/file-4,read
1333,svc-epsilon-12,/teams/beta/unit-197/file-3,list
1334,svc-epsilon-19,/teams/epsilon/unit-36/child/deep,write
1335,svc-beta-0,/teams/delta/unit-105/file-7,read
1336,svc-delta-4,/teams/alpha/unit-133/file-7,list
1337,svc-alpha-15,/teams/gamma/unit-196/file-4,list
1338,svc-gamma-2,/teams/beta/unit-194/file-8,list
1339,svc-gamma-19,/teams/gamma/unit-82/file-2,list
1340,svc-alpha-3,/teams/gamma/unit-186/child/deep,list
1341,svc-delta-2,/teams/gamma/unit-170/file-8,list
1342,svc-beta-11,/teams/epsilon/unit-12/child/deep,write
1343,svc-alpha-6,/teams/alpha/unit-99/file-7,list
1344,svc-epsilon-17,/teams/beta/unit-121/file-4,list
1345,svc-beta-2,/teams/beta/unit-8/file-8,write
1346,svc-epsilon-7,/teams/delta/unit-151/file-2,list
1347,svc-gamma-13,/teams/beta/unit-178/file-5,read
1348,svc-gamma-6,/teams/alpha/unit-65/file-0,read
1349,svc-gamma-0,/teams/gamma/unit-139/file-6,write
1350,svc-gamma-0,/teams/beta/unit-156/child/deep,read
1351,svc-epsilon-17,/teams/delta/unit-54/child/deep,list
1352,svc-beta-12,/teams/beta/unit-140/file-3,list
1353,svc-alpha-14,/teams/gamma/unit-76/file-6,read
1354,svc-alpha-19,/teams/beta/unit-107/file-6,write
1355,svc-beta-11,/teams/epsilon/unit-3/file-5,list
1356,svc-beta-3,/teams/gamma/unit-146/file-8,list
1357,svc-beta-4,/teams/delta/unit-199/file-7,list
1358,svc-alpha-6,/teams/delta/unit-103/file-6,read
1359,svc-epsilon-19,/teams/epsilon/unit-31/file-7,read
1360,svc-alpha-19,/teams/alpha/unit-139/file-8,read
1361,svc-epsilon-10,/teams/gamma/unit-32/file-6,list
1362,svc-epsilon-19,/teams/epsilon/unit-123/file-7,read
1363,svc-beta-8,/teams/alpha/unit-116/file-7,write
1364,svc-epsilon-1,/teams/alpha/unit-195/file-2,read
1365,svc-delta-7,/teams/delta/unit-125/file-1,write
1366,svc-gamma-7,/teams/beta/unit-118/file-7,list
1367,svc-epsilon-10,/teams/beta/unit-153/file-6,read
1368,svc-beta-2,/teams/alpha/unit-119/file-0,write
1369,svc-beta-13,/teams/gamma/unit-176/file-8,list
1370,svc-delta-17,/teams/beta/unit-185/file-8,read
1371,svc-delta-17,/teams/delta/unit-60/child/deep,list
1372,svc-epsilon-0,/teams/epsilon/unit-160/file-3,read
1373,svc-alpha-1,/teams/alpha/unit-59/file-0,write
1374,svc-gamma-9,/teams/gamma/unit-144/child/deep,list
1375,svc-epsilon-6,/teams/alpha/unit-60/child/deep,read
1376,svc-epsilon-0,/teams/epsilon/unit-18/child/deep,write
1377,svc-gamma-0,/teams/epsilon/unit-182/file-6,write
1378,svc-gamma-2,/teams/beta/unit-198/child/deep,read
1379,svc-beta-9,/teams/gamma/unit-155/file-6,write
1380,svc-delta-19,/teams/delta/unit-180/child/deep,read
1381,svc-gamma-11,/teams/delta/unit-88/file-6,write
1382,svc-epsilon-19,/teams/epsilon/unit-42/child/deep,write
1383,svc-alpha-9,/teams/epsilon/unit-64/file-0,write
1384,svc-epsilon-4,/teams/beta/unit-12/child/deep,read
1385,svc-gamma-18,/teams/beta/unit-119/file-1,read
1386,svc-gamma-7,/teams/delta/unit-7/file-3,write
1387,svc-alpha-14,/teams/epsilon/unit-117/file-0,read
1388,svc-gamma-9,/teams/gamma/unit-27/file-8,write
1389,svc-alpha-6,/teams/delta/unit-34/file-8,read
1390,svc-delta-8,/teams/delta/unit-119/file-0,list
1391,svc-alpha-13,/teams/epsilon/unit-183/file-8,list
1392,svc-gamma-12,/teams/epsilon/unit-142/file-6,write
1393,svc-alpha-3,/teams/beta/unit-155/file-5,read
1394,svc-epsilon-16,/teams/gamma/unit-118/file-5,list
1395,svc-gamma-5,/teams/epsilon/unit-83/file-7,read
1396,svc-gamma-19,/teams/epsilon/unit-139/file-6,list
1397,svc-gamma-19,/teams/gamma/unit-27/file-2,write
1398,svc-beta-15,/teams/beta/unit-182/file-3,read
1399,svc-gamma-6,/teams/epsilon/unit-95/file-3,read
1400,svc-epsilon-0,/teams/epsilon/unit-51/file-1,list
1401,svc-alpha-18,/teams/epsilon/unit-156/child/deep,write
1402,svc-epsilon-6,/teams/epsilon/unit-31/file-4,list
1403,svc-gamma-16,/teams/delta/unit-63/file-8,list
1404,svc-epsilon-15,/teams/delta/unit-81/file-1,list
1405,svc-alpha-6,/teams/epsilon/unit-174/child/deep,write
1406,svc-gamma-17,/teams/alpha/unit-173/file-7,read
1407,svc-alpha-0,/teams/alpha/unit-69/file-5,read
1408,svc-delta-11,/teams/beta/unit-183/file-1,write
1409,svc-delta-2,/teams/beta/unit-62/file-4,write
1410,svc-gamma-4,/teams/delta/unit-118/file-2,read
1411,svc-delta-8,/teams/alpha/unit-43/file-5,read
1412,svc-beta-7,/teams/epsilon/unit-73/file-0,write
1413,svc-gamma-7,/teams/epsilon/unit-20/file-8,list
1414,svc-delta-3,/teams/epsilon/unit-61/file-1,read
1415,svc-gamma-7,/teams/alpha/unit-23/file-1,write
1416,svc-delta-14,/teams/gamma/unit-57/file-8,write
1417,svc-delta-16,/teams/beta/unit-152/file-8,list
1418,svc-alpha-9,/teams/gamma/unit-136/file-5,write
1419,svc-alpha-8,/teams/epsilon/unit-21/file-0,write
1420,svc-beta-15,/teams/delta/unit-31/file-5,write
1421,svc-beta-0,/teams/alpha/unit-168/child/deep,read
1422,svc-gamma-3,/teams/alpha/unit-68/file-4,write
1423,svc-gamma-13,/teams/beta/unit-97/file-7,read
1424,svc-delta-2,/teams/delta/unit-35/file-3,write
1425,svc-alpha-16,/teams/alpha/unit-36/child/deep,list
1426,svc-beta-8,/teams/alpha/unit-196/file-0,read
1427,svc-delta-15,/teams/epsilon/unit-62/file-7,read
1428,svc-delta-15,/teams/delta/unit-183/file-1,write
1429,svc-beta-0,/teams/gamma/unit-45/file-3,list
1430,svc-epsilon-17,/teams/alpha/unit-169/file-5,write
1431,svc-gamma-19,/teams/delta/unit-52/file-4,write
1432,svc-epsilon-19,/teams/delta/unit-44/file-5,write
1433,svc-delta-19,/teams/delta/unit-133/file-5,write
1434,svc-delta-6,/teams/epsilon/unit-198/child/deep,list
1435,svc-gamma-13,/teams/alpha/unit-13/file-3,list
1436,svc-epsilon-12,/teams/beta/unit-69/file-3,list
1437,svc-alpha-3,/teams/delta/unit-91/file-8,list
1438,svc-beta-12,/teams/alpha/unit-66/child/deep,read
1439,svc-delta-5,/teams/delta/unit-166/file-7,write
1440,svc-gamma-17,/teams/alpha/unit-105/file-1,write
1441,svc-gamma-14,/teams/epsilon/unit-179/file-8,read
1442,svc-gamma-19,/teams/gamma/unit-137/file-0,list
1443,svc-alpha-14,/teams/epsilon/unit-184/file-3,write
1444,svc-beta-2,/teams/gamma/unit-119/file-0,read
1445,svc-beta-17,/teams/alpha/unit-123/file-5,read
1446,svc-gamma-3,/teams/beta/unit-144/child/deep,write
1447,svc-epsilon-13,/teams/beta/unit-3/file-3,list
1448,svc-alpha-10,/teams/epsilon/unit-175/file-3,list
1449,svc-delta-5,/teams/epsilon/unit-106/file-7,read
1450,svc-delta-5,/teams/delta/unit-111/file-1,read
1451,svc-epsilon-15,/teams/gamma/unit-52/file-1,write
1452,svc-gamma-11,/teams/delta/unit-44/file-6,read
1453,svc-epsilon-6,/teams/alpha/unit-152/file-5,list
1454,svc-epsilon-15,/teams/gamma/unit-182/file-2,read
1455,svc-beta-8,/teams/delta/unit-119/file-0,write
1456,svc-alpha-8,/teams/epsilon/unit-0/child/deep,write
1457,svc-gamma-19,/teams/gamma/unit-159/file-1,read
1458,svc-beta-9,/teams/epsilon/unit-60/child/deep,list
1459,svc-delta-11,/teams/beta/unit-64/file-8,write
1460,svc-beta-14,/teams/epsilon/unit-88/file-2,read
1461,svc-epsilon-0,/teams/gamma/unit-57/file-5,write
1462,svc-gamma-4,/teams/alpha/unit-23/file-5,list
1463,svc-beta-9,/teams/beta/unit-1/file-0,read
1464,svc-gamma-16,/teams/beta/unit-79/file-2,list
1465,svc-gamma-17,/teams/gamma/unit-186/child/deep,write
1466,svc-beta-19,/teams/beta/unit-21/file-1,write
1467,svc-gamma-8,/teams/beta/unit-63/file-6,read
1468,svc-epsilon-19,/teams/epsilon/unit-80/file-1,read
1469,svc-alpha-13,/teams/gamma/unit-144/child/deep,write
1470,svc-gamma-1,/teams/delta/unit-95/file-7,write
1471,svc-gamma-5,/teams/delta/unit-190/file-7,write
1472,svc-epsilon-1,/teams/delta/unit-177/file-6,list
1473,svc-delta-14,/teams/epsilon/unit-43/file-3,list
1474,svc-beta-14,/teams/delta/unit-29/file-8,write
1475,svc-epsilon-4,/teams/epsilon/unit-46/file-7,read
1476,svc-alpha-8,/teams/beta/unit-135/file-7,list
1477,svc-beta-10,/teams/gamma/unit-92/file-3,write
1478,svc-alpha-9,/teams/gamma/unit-155/file-6,write
1479,svc-alpha-15,/teams/alpha/unit-15/file-2,read
1480,svc-gamma-6,/teams/delta/unit-164/file-8,write
1481,svc-epsilon-5,/teams/gamma/unit-124/file-7,read
1482,svc-gamma-16,/teams/epsilon/unit-107/file-6,write
1483,svc-gamma-1,/teams/epsilon/unit-193/file-1,write
1484,svc-beta-8,/teams/beta/unit-157/file-4,list
1485,svc-epsilon-2,/teams/delta/unit-34/file-0,read
1486,svc-delta-17,/teams/epsilon/unit-118/file-6,write
1487,svc-delta-3,/teams/gamma/unit-159/file-8,list
1488,svc-epsilon-13,/teams/beta/unit-162/child/deep,read
1489,svc-alpha-14,/teams/delta/unit-152/file-8,list
1490,svc-delta-5,/teams/epsilon/unit-105/file-6,write
1491,svc-epsilon-12,/teams/alpha/unit-61/file-1,list
1492,svc-beta-10,/teams/epsilon/unit-95/file-2,read
1493,svc-delta-19,/teams/delta/unit-12/child/deep,read
1494,svc-beta-10,/teams/gamma/unit-197/file-4,write
1495,svc-alpha-13,/teams/alpha/unit-155/file-0,list
1496,svc-epsilon-19,/teams/epsilon/unit-166/file-0,read
1497,svc-alpha-19,/teams/alpha/unit-157/file-8,write
1498,svc-epsilon-14,/teams/epsilon/unit-114/child/deep,write
1499,svc-gamma-13,/teams/gamma/unit-3/file-2,list
1500,svc-epsilon-11,/teams/gamma/unit-40/file-3,write
